Rk,Player,Pos,Age,Tm,G,GS,MP,FG,FGA,FG%,3P,3PA,3P%,2P,2PA,2P%,eFG%,FT,FTA,FT%,ORB,DRB,TRB,AST,STL,BLK,TOV,PF,PS/G
1,Alex Abrines\abrinal01,SG,25,OKC,19,2,20.4,2.1,5.9,.354,1.6,4.7,.333,0.5,1.2,.435,.487,0.4,0.5,.889,0.2,1.4,1.5,0.8,0.6,0.2,0.5,1.8,6.2
2,Jaylen Adams\adamsja01,PG,22,ATL,4,0,3.3,0.3,1.0,.250,0.3,1.0,.250,0.0,0.0,,.375,0.0,0.0,,0.0,0.5,0.5,0.3,0.0,0.3,0.0,0.0,0.8
3,Steven Adams\adamsst01,C,25,OKC,21,21,33.7,6.2,10.5,.595,0.0,0.0,,6.2,10.5,.595,.595,2.4,4.2,.562,4.7,5.5,10.2,1.7,1.5,1.0,1.4,2.3,14.9
4,Bam Adebayo\adebaba01,C,21,MIA,23,1,19.1,2.7,5.0,.539,0.0,0.1,.000,2.7,4.9,.554,.539,2.1,3.0,.700,2.1,4.7,6.9,1.3,0.7,0.9,1.2,2.4,7.5
5,DeVaughn Akoon-Purcell\akoonde01,SG,25,DEN,6,0,3.5,0.5,1.7,.300,0.0,0.7,.000,0.5,1.0,.500,.300,0.2,0.3,.500,0.2,0.5,0.7,1.0,0.3,0.0,0.2,0.7,1.2
6,LaMarcus Aldridge\aldrila01,C,33,SAS,24,24,33.8,7.1,15.8,.451,0.0,0.4,.000,7.1,15.4,.462,.451,3.9,4.8,.825,3.5,6.6,10.2,2.4,0.4,1.2,2.1,1.8,18.2
7,Grayson Allen\allengr01,SG,23,UTA,14,1,10.5,1.4,3.9,.345,0.7,2.5,.286,0.6,1.4,.450,.436,1.1,1.6,.696,0.1,0.1,0.2,0.4,0.1,0.0,0.7,1.1,4.6
8,Jarrett Allen\allenja01,C,20,BRK,23,23,28.1,4.7,7.8,.598,0.1,0.7,.176,4.5,7.0,.642,.606,2.7,4.0,.685,2.9,5.5,8.3,1.6,0.5,1.4,1.3,2.6,12.2
9,Al-Farouq Aminu\aminual01,PF,28,POR,24,24,29.8,3.1,7.1,.433,1.4,4.0,.354,1.7,3.1,.533,.532,1.6,1.8,.864,1.3,6.9,8.2,0.5,1.0,0.4,0.8,2.4,9.2
10,Justin Anderson\anderju01,SG,25,ATL,7,0,9.7,2.1,5.0,.429,0.1,1.9,.077,2.0,3.1,.636,.443,1.1,1.3,.889,0.6,0.9,1.4,0.6,0.7,0.1,0.4,1.4,5.6
11,Kyle Anderson\anderky01,SF,25,MEM,22,19,30.0,2.7,5.7,.476,0.1,0.5,.250,2.6,5.2,.500,.488,0.6,1.2,.538,1.2,5.0,6.3,3.0,1.2,0.7,1.2,2.3,6.2
12,Ryan Anderson\anderry01,PF,30,PHO,15,8,18.5,1.3,4.0,.317,0.5,2.3,.206,0.8,1.7,.462,.375,0.7,0.9,.786,0.9,2.1,3.0,1.1,0.2,0.1,0.8,1.5,3.7
13,Ike Anigbogu\anigbik01,C,20,IND,3,0,2.0,0.0,1.0,.000,0.0,0.0,,0.0,1.0,.000,.000,0.0,0.0,,0.3,0.7,1.0,0.3,0.0,0.3,0.3,0.0,0.0
14,Giannis Antetokounmpo\antetgi01,PF,24,MIL,21,21,34.1,10.4,18.0,.578,0.3,2.5,.115,10.1,15.6,.651,.586,6.4,9.3,.692,2.6,10.6,13.2,6.0,1.5,1.3,4.3,3.0,27.6
15,Carmelo Anthony\anthoca01,PF,34,HOU,10,2,29.4,4.9,12.1,.405,2.1,6.4,.328,2.8,5.7,.491,.492,1.5,2.2,.682,0.9,4.5,5.4,0.5,0.4,0.7,0.8,3.2,13.4
16,OG Anunoby\anunoog01,SF,21,TOR,19,3,20.9,3.5,7.5,.465,1.2,3.8,.315,2.3,3.6,.623,.546,0.3,0.9,.353,0.6,1.9,2.5,0.5,0.6,0.3,0.7,2.3,8.5
17,Ryan Arcidiacono\arcidry01,PG,24,CHI,24,13,28.6,2.6,5.9,.444,1.8,4.2,.416,0.9,1.7,.512,.592,0.7,0.9,.810,0.1,2.4,2.5,3.8,1.0,0.0,1.0,2.6,7.7
18,Trevor Ariza\arizatr01,SF,33,PHO,22,22,34.1,3.3,8.9,.372,2.0,5.6,.358,1.3,3.3,.397,.485,1.4,1.7,.816,0.6,4.9,5.5,3.3,1.4,0.4,1.6,1.9,10.0
19,D.J. Augustin\augusdj01,PG,31,ORL,24,24,27.3,3.4,7.7,.446,1.6,3.8,.433,1.8,3.9,.457,.552,2.1,2.4,.879,0.5,1.7,2.3,5.4,0.5,0.0,1.2,1.2,10.6
20,Deandre Ayton\aytonde01,C,20,PHO,24,24,31.3,7.0,11.7,.600,0.0,0.1,.000,7.0,11.6,.604,.600,2.0,2.5,.783,2.5,7.7,10.2,2.5,0.6,0.8,1.9,2.9,16.0
21,Dwayne Bacon\bacondw01,SG,23,CHO,14,0,13.3,2.3,4.6,.492,0.6,1.3,.500,1.6,3.4,.489,.562,0.7,0.9,.833,0.1,1.7,1.9,0.9,0.2,0.0,0.5,1.6,5.9
22,Marvin Bagley\baglema01,PF,19,SAC,21,0,24.1,5.0,9.7,.510,0.3,1.1,.304,4.6,8.6,.536,.527,2.7,4.2,.648,2.7,4.1,6.8,0.9,0.5,1.2,1.9,2.0,13.0
23,Ron Baker\bakerro01,SG,25,NYK,10,0,9.8,0.2,1.3,.154,0.0,0.8,.000,0.2,0.5,.400,.154,0.5,0.6,.833,0.1,0.5,0.6,1.0,0.4,0.0,0.3,1.5,0.9
24,Wade Baldwin\baldwwa01,PG,22,POR,8,0,5.6,0.4,1.9,.200,0.1,0.5,.250,0.3,1.4,.182,.233,0.0,0.0,,0.1,0.5,0.6,0.8,0.0,0.0,0.8,0.4,0.9
25,Lonzo Ball\balllo01,PG,21,LAL,23,21,27.2,3.1,7.9,.396,1.3,3.9,.322,1.9,4.0,.467,.475,0.4,0.8,.556,1.0,4.4,5.4,4.4,1.3,0.3,2.0,2.3,8.0
26,Mohamed Bamba\bambamo01,C,20,ORL,24,0,17.0,2.8,5.5,.500,0.5,1.7,.325,2.2,3.8,.576,.549,0.5,0.8,.600,1.4,3.0,4.4,1.0,0.3,1.3,0.7,2.1,6.5
27,J.J. Barea\bareajo01,PG,34,DAL,21,0,19.9,4.4,10.4,.427,0.9,3.0,.281,3.6,7.3,.487,.468,1.7,2.4,.700,0.3,2.1,2.4,5.8,0.7,0.0,1.6,1.5,11.4
28,Harrison Barnes\barneha02,SF,26,DAL,18,18,32.0,6.1,14.7,.413,2.2,5.6,.400,3.8,9.1,.421,.489,3.6,4.5,.790,0.9,3.8,4.8,1.3,0.8,0.3,1.6,1.9,17.9
29,Will Barton\bartowi01,SG,28,DEN,2,2,27.0,6.0,10.5,.571,2.5,4.5,.556,3.5,6.0,.583,.690,2.0,2.0,1.000,0.0,5.0,5.0,3.0,0.5,1.0,1.5,2.5,16.5
30,Keita Bates-Diop\bateske01,SF,23,MIN,2,0,9.0,1.0,4.0,.250,0.0,2.0,.000,1.0,2.0,.500,.250,0.0,0.0,,0.0,1.5,1.5,0.0,0.0,0.5,0.0,0.5,2.0
31,Nicolas Batum\batumni01,SF,30,CHO,23,23,30.2,3.5,7.6,.460,1.2,3.4,.354,2.3,4.1,.547,.540,0.8,1.0,.826,1.2,4.2,5.4,3.3,1.0,0.5,1.9,1.5,9.0
32,Aron Baynes\baynear01,C,32,BOS,20,5,15.2,1.9,4.6,.418,0.6,1.8,.314,1.4,2.8,.482,.478,1.4,1.6,.875,1.7,3.0,4.7,1.3,0.2,0.6,0.7,2.6,5.8
33,Kent Bazemore\bazemke01,SG,29,ATL,24,19,25.8,4.5,10.1,.444,1.2,4.1,.293,3.3,6.0,.549,.504,2.2,2.9,.768,0.6,3.3,4.0,2.0,1.6,1.0,2.0,2.4,12.4
34,Bradley Beal\bealbr01,SG,25,WAS,24,24,35.2,8.0,17.1,.467,2.2,6.8,.325,5.8,10.3,.560,.532,3.7,4.7,.779,0.6,3.8,4.3,4.2,1.1,1.1,2.2,3.2,21.9
35,Malik Beasley\beaslma01,SG,22,DEN,23,0,18.3,3.0,6.3,.479,1.3,3.1,.403,1.7,3.1,.556,.580,0.2,0.3,.833,0.2,2.0,2.2,0.8,0.4,0.1,0.5,1.3,7.5
36,Michael Beasley\beaslmi01,PF,30,LAL,8,0,7.4,2.0,3.6,.552,0.1,0.4,.333,1.9,3.3,.577,.569,0.6,0.8,.833,0.4,1.1,1.5,0.4,0.3,0.0,0.9,1.5,4.8
37,Marco Belinelli\belinma01,SG,32,SAS,23,0,22.0,3.2,9.1,.354,1.5,4.7,.324,1.7,4.4,.386,.438,1.6,1.8,.857,0.2,1.6,1.7,2.0,0.6,0.2,0.7,1.5,9.5
38,Jordan Bell\belljo01,C,24,GSW,24,1,12.3,1.1,2.1,.520,0.0,0.0,.000,1.1,2.0,.531,.520,0.5,0.7,.706,0.8,2.0,2.8,1.3,0.5,0.9,0.5,1.5,2.7
39,DeAndre' Bembry\bembrde01,SG,24,ATL,24,2,22.9,3.1,7.6,.412,0.8,2.4,.328,2.3,5.2,.452,.464,1.3,2.2,.604,0.6,3.9,4.5,2.3,1.3,0.7,1.6,2.3,8.4
40,Dragan Bender\bendedr01,PF,21,PHO,8,0,5.5,0.5,1.5,.333,0.1,0.9,.143,0.4,0.6,.600,.375,0.5,0.5,1.000,0.4,0.9,1.3,0.5,0.0,0.0,0.4,0.8,1.6
41,Davis Bertans\bertada01,PF,26,SAS,22,4,17.1,2.4,5.0,.468,1.5,3.5,.429,0.9,1.5,.559,.617,0.6,0.6,.929,0.5,2.2,2.7,0.9,0.4,0.4,0.5,1.2,6.8
42,Patrick Beverley\beverpa01,PG,30,LAC,23,16,24.3,2.3,6.3,.359,1.1,3.5,.321,1.1,2.8,.406,.448,0.9,1.2,.778,0.7,3.0,3.7,3.8,0.7,0.3,1.0,3.6,6.6
43,Khem Birch\birchkh01,C,26,ORL,7,0,5.7,0.7,1.1,.625,0.0,0.0,,0.7,1.1,.625,.625,0.0,0.0,,0.4,1.1,1.6,0.1,0.6,0.0,0.3,0.6,1.4
44,Bismack Biyombo\biyombi01,C,26,CHO,9,0,8.1,0.8,1.3,.583,0.0,0.0,,0.8,1.3,.583,.583,0.3,0.8,.429,0.6,1.3,1.9,0.2,0.1,1.0,0.3,1.9,1.9
45,Nemanja Bjelica\bjeline01,PF,30,SAC,23,23,24.0,4.2,7.8,.536,1.6,3.2,.493,2.6,4.6,.566,.637,1.0,1.3,.759,1.3,4.3,5.7,2.0,1.0,0.7,1.5,2.8,10.9
46,Antonio Blakeney\blakean01,SG,22,CHI,23,0,17.0,3.8,8.7,.440,1.1,2.5,.448,2.7,6.2,.437,.505,0.9,1.4,.636,0.2,1.8,2.0,0.5,0.3,0.2,0.9,0.8,9.7
47,Eric Bledsoe\bledser01,PG,29,MIL,22,22,29.7,5.9,11.4,.514,1.7,4.8,.362,4.1,6.6,.623,.590,2.1,3.0,.708,1.2,3.3,4.5,6.0,1.3,0.6,2.2,2.4,15.5
48,Bogdan Bogdanovic\bogdabo01,SG,26,SAC,12,1,25.9,5.5,12.3,.449,2.3,5.7,.397,3.3,6.6,.494,.541,2.2,2.3,.929,0.4,2.6,3.0,3.3,0.7,0.1,1.3,2.1,15.4
49,Bojan Bogdanovic\bogdabo02,SF,29,IND,24,24,31.3,5.6,10.6,.531,2.1,4.2,.505,3.5,6.4,.549,.632,2.5,3.2,.792,0.4,3.4,3.8,1.4,0.9,0.0,1.8,1.8,15.9
50,Jonah Bolden\boldejo01,PF,23,PHI,6,0,6.7,0.7,1.8,.364,0.2,1.2,.143,0.5,0.7,.750,.409,0.2,0.3,.500,0.0,1.5,1.5,0.3,0.5,0.2,0.3,1.0,1.7
51,Devin Booker\bookede01,SG,22,PHO,19,19,35.3,8.5,19.3,.439,2.4,7.6,.313,6.1,11.7,.520,.500,4.2,5.0,.842,0.5,3.1,3.6,6.7,1.2,0.1,4.1,3.5,23.5
52,Chris Boucher\bouchch01,PF,26,TOR,3,0,4.0,1.3,2.7,.500,0.3,1.3,.250,1.0,1.3,.750,.563,1.3,2.0,.667,1.0,1.3,2.3,0.0,0.0,1.0,0.0,0.7,4.3
53,Avery Bradley\bradlav01,SG,28,LAC,17,17,28.9,3.4,8.8,.383,0.8,3.0,.275,2.5,5.8,.439,.430,0.3,0.4,.714,0.5,1.5,2.1,1.8,0.8,0.5,1.5,3.1,7.8
54,Mikal Bridges\bridgmi01,SF,22,PHO,24,10,22.0,2.5,6.0,.413,1.0,3.1,.307,1.5,2.8,.529,.493,0.9,1.1,.846,0.4,1.8,2.1,1.1,1.4,0.3,0.8,2.2,6.8
55,Miles Bridges\bridgmi02,SF,20,CHO,22,0,20.6,3.1,6.1,.504,0.9,2.5,.357,2.2,3.6,.608,.578,0.8,1.1,.708,0.7,3.4,4.1,1.0,0.7,0.7,0.5,1.5,7.9
56,Isaiah Briscoe\briscis01,PG,22,ORL,8,0,7.1,0.9,2.0,.438,0.1,0.1,1.000,0.8,1.9,.400,.469,0.1,0.4,.333,0.0,0.5,0.5,1.0,0.0,0.0,0.3,1.0,2.0
57,Ryan Broekhoff\broekry01,SG,28,DAL,11,0,3.7,0.4,1.1,.333,0.3,1.0,.273,0.1,0.1,1.000,.458,0.0,0.0,,0.0,0.5,0.5,0.0,0.0,0.0,0.0,0.2,1.0
58,Malcolm Brogdon\brogdma01,SG,26,MIL,22,22,30.5,6.0,11.4,.524,1.9,3.8,.494,4.1,7.6,.539,.606,1.6,1.7,.973,1.0,3.4,4.4,3.5,0.5,0.2,1.6,1.8,15.4
59,Dillon Brooks\brookdi01,SF,23,MEM,11,0,18.9,2.5,6.0,.409,0.6,1.7,.368,1.8,4.3,.426,.462,1.3,1.6,.778,0.5,1.5,2.1,0.9,0.7,0.4,0.8,2.7,6.8
60,MarShon Brooks\brookma01,SG,30,MEM,19,0,14.1,2.8,6.5,.431,0.6,1.9,.297,2.2,4.5,.488,.476,0.9,1.1,.810,0.5,1.3,1.8,1.0,0.3,0.2,0.9,1.2,7.1
61,Bruce Brown\brownbr01,SG,22,DET,14,3,15.7,1.3,3.5,.367,0.1,0.9,.077,1.2,2.6,.472,.378,1.0,1.4,.737,0.5,1.6,2.1,0.6,0.8,0.3,0.4,2.3,3.6
62,Jaylen Brown\brownja02,SG,22,BOS,19,19,28.1,4.3,10.8,.398,1.0,3.9,.253,3.3,6.9,.481,.444,1.5,2.4,.622,1.2,2.9,4.1,1.3,0.6,0.6,1.4,2.5,11.1
63,Lorenzo Brown\brownlo01,PG,28,TOR,15,0,9.0,1.1,3.0,.378,0.3,1.5,.227,0.8,1.5,.522,.433,0.1,0.1,1.000,0.1,1.1,1.2,1.0,0.4,0.3,0.9,0.9,2.7
64,Sterling Brown\brownst02,SG,23,MIL,14,0,9.2,1.4,2.9,.475,0.4,1.4,.263,1.0,1.5,.667,.538,0.4,0.6,.750,0.5,1.1,1.6,0.6,0.1,0.1,0.6,1.1,3.5
65,Troy Brown\browntr01,SF,19,WAS,11,0,6.2,0.9,2.3,.400,0.2,0.5,.400,0.7,1.8,.400,.440,0.6,0.7,.875,0.2,1.3,1.5,0.7,0.2,0.0,0.3,0.5,2.6
66,Jalen Brunson\brunsja01,PG,22,DAL,19,1,12.1,1.6,4.0,.395,0.4,1.4,.259,1.2,2.6,.469,.441,0.5,0.7,.643,0.2,1.1,1.3,1.3,0.4,0.0,0.6,0.9,4.0
67,Thomas Bryant\bryanth01,C,21,WAS,14,8,12.0,2.0,3.4,.583,0.1,0.9,.077,1.9,2.5,.771,.594,0.9,1.0,.857,1.0,2.4,3.4,0.7,0.3,0.6,0.7,1.0,4.9
68,Reggie Bullock\bullore01,SG,27,DET,18,18,28.3,3.4,8.8,.390,1.8,5.2,.351,1.6,3.6,.446,.494,1.4,1.6,.893,0.4,1.8,2.2,2.4,0.7,0.1,0.9,1.6,10.1
69,Trey Burke\burketr01,PG,26,NYK,21,5,20.7,4.5,10.7,.422,1.0,2.9,.361,3.5,7.8,.445,.471,2.0,2.4,.804,0.6,1.5,2.1,3.0,0.6,0.1,1.1,1.0,12.0
70,Alec Burks\burksal01,SG,27,TOT,20,0,17.4,3.1,7.6,.404,0.9,2.7,.333,2.2,4.9,.443,.464,2.2,2.5,.880,0.2,2.1,2.3,1.3,0.5,0.2,0.9,1.3,9.2
70,Alec Burks\burksal01,SG,27,UTA,17,0,15.8,2.8,6.7,.412,0.9,2.5,.372,1.8,4.2,.437,.482,1.9,2.2,.868,0.1,1.5,1.6,1.2,0.4,0.2,0.9,1.3,8.4
70,Alec Burks\burksal01,SG,27,CLE,3,0,26.3,4.7,12.3,.378,0.7,3.7,.182,4.0,8.7,.462,.405,3.7,4.0,.917,0.7,5.7,6.3,1.7,1.0,0.0,0.7,1.3,13.7
71,Deonte Burton\burtode02,SG,25,OKC,13,0,9.7,1.5,3.3,.465,0.3,0.8,.364,1.2,2.5,.500,.512,0.4,0.5,.833,0.1,1.1,1.2,0.4,0.2,0.4,0.5,1.2,3.8
72,Jimmy Butler\butleji01,SG,29,TOT,20,20,34.5,7.0,14.6,.478,1.5,3.7,.405,5.5,10.9,.502,.529,4.3,5.3,.819,1.7,3.3,5.0,3.6,2.2,0.8,1.7,2.0,19.7
72,Jimmy Butler\butleji01,SG,29,MIN,10,10,36.1,7.4,15.7,.471,1.7,4.5,.378,5.7,11.2,.509,.525,4.8,6.1,.787,1.6,3.6,5.2,4.3,2.4,1.0,1.4,1.8,21.3
72,Jimmy Butler\butleji01,SG,29,PHI,10,10,32.8,6.5,13.4,.485,1.3,2.9,.448,5.2,10.5,.495,.534,3.8,4.4,.864,1.8,2.9,4.7,2.9,2.0,0.6,1.9,2.1,18.1
73,Jose Calderon\caldejo01,PG,37,DET,15,0,8.9,0.5,1.9,.241,0.2,1.2,.167,0.3,0.7,.364,.293,0.2,0.2,1.000,0.2,0.5,0.7,1.1,0.3,0.1,0.3,1.1,1.3
74,Kentavious Caldwell-Pope\caldwke01,SG,25,LAL,23,3,20.9,2.4,6.4,.374,1.2,3.6,.325,1.2,2.8,.438,.466,1.9,2.1,.917,0.4,1.9,2.3,0.6,0.7,0.2,0.6,1.5,7.9
75,Isaiah Canaan\canaais01,PG,27,PHO,19,15,26.5,2.7,6.8,.395,1.3,3.8,.347,1.4,3.0,.456,.492,0.8,1.1,.750,0.3,2.3,2.6,3.3,0.6,0.0,1.5,2.4,7.5
76,Clint Capela\capelca01,C,24,HOU,23,23,34.4,8.0,12.0,.665,0.0,0.0,,8.0,12.0,.665,.665,2.2,3.7,.595,4.8,7.0,11.8,1.7,0.4,2.2,1.6,2.7,18.1
77,DeMarre Carroll\carrode01,SF,32,BRK,14,0,21.7,2.4,6.7,.351,1.2,3.6,.333,1.1,3.1,.372,.441,2.6,3.1,.841,0.9,4.1,5.0,0.8,0.3,0.1,1.3,1.5,8.6
78,Vince Carter\cartevi01,SF,42,ATL,21,8,17.5,2.3,6.1,.383,1.3,3.7,.346,1.0,2.4,.440,.488,0.7,0.8,.824,0.3,2.0,2.3,0.9,0.6,0.3,0.5,1.6,6.6
79,Wendell Carter\cartewe01,C,19,CHI,25,25,26.0,4.4,9.4,.470,0.2,1.0,.208,4.2,8.4,.500,.481,2.4,3.0,.813,2.0,5.3,7.4,2.2,0.6,1.6,1.6,3.5,11.4
80,Michael Carter-Williams\cartemi01,PG,27,HOU,14,1,9.1,1.3,3.5,.367,0.3,0.9,.308,1.0,2.6,.389,.408,0.8,1.8,.440,0.2,0.7,0.9,1.3,0.6,0.4,0.7,1.8,3.6
81,Omri Casspi\casspom01,SF,30,MEM,16,0,12.1,1.8,3.4,.527,0.4,0.9,.400,1.4,2.5,.575,.582,1.1,1.8,.586,0.4,2.6,3.0,0.9,0.4,0.1,0.4,0.9,5.1
82,Willie Cauley-Stein\caulewi01,C,25,SAC,23,23,28.3,6.3,11.8,.539,0.0,0.0,1.000,6.3,11.7,.537,.541,1.6,3.3,.474,2.3,5.9,8.2,2.3,1.2,0.4,1.4,3.3,14.3
83,Tyson Chandler\chandty01,C,36,TOT,20,0,17.9,1.3,2.3,.578,0.0,0.0,,1.3,2.3,.578,.578,1.1,1.9,.595,2.1,4.7,6.7,0.7,0.4,0.4,1.1,2.8,3.7
83,Tyson Chandler\chandty01,C,36,PHO,7,0,12.7,1.1,1.7,.667,0.0,0.0,,1.1,1.7,.667,.667,1.4,2.6,.556,1.0,4.6,5.6,0.9,0.3,0.1,1.0,3.0,3.7
83,Tyson Chandler\chandty01,C,36,LAL,13,0,20.6,1.4,2.5,.545,0.0,0.0,,1.4,2.5,.545,.545,0.9,1.5,.632,2.6,4.7,7.3,0.5,0.5,0.5,1.1,2.6,3.7
84,Wilson Chandler\chandwi01,PF,31,PHI,13,9,23.0,2.5,4.9,.500,0.8,2.2,.379,1.6,2.7,.600,.586,0.2,0.5,.333,1.2,3.1,4.2,1.7,0.3,0.2,1.2,2.2,5.9
85,Marquese Chriss\chrisma01,PF,21,HOU,9,0,5.9,0.9,2.3,.381,0.1,1.0,.111,0.8,1.3,.583,.405,0.2,0.3,.667,0.3,0.8,1.1,0.3,0.1,0.2,0.6,1.0,2.1
86,Gary Clark\clarkga01,PF,24,HOU,21,0,17.0,1.1,3.7,.299,0.9,3.3,.271,0.2,0.3,.571,.422,0.3,0.3,1.000,0.6,2.3,2.9,0.5,0.5,0.8,0.0,1.2,3.4
87,Ian Clark\clarkia01,SG,27,NOP,23,0,14.5,1.5,4.2,.361,0.5,1.8,.286,1.0,2.4,.418,.423,0.4,0.4,.900,0.2,1.3,1.5,1.3,0.2,0.1,0.8,1.5,4.0
88,Jordan Clarkson\clarkjo01,SG,26,CLE,23,0,24.8,6.4,14.3,.448,1.4,4.5,.317,5.0,9.8,.509,.498,1.9,2.2,.863,1.2,2.1,3.3,2.0,0.6,0.2,1.6,1.8,16.2
89,John Collins\collijo01,PF,21,ATL,9,7,27.0,6.7,10.9,.612,0.2,1.9,.118,6.4,9.0,.716,.622,2.3,2.9,.808,2.0,5.2,7.2,2.7,0.1,0.6,2.2,2.6,15.9
90,Zach Collins\colliza01,C,21,POR,24,0,19.1,2.9,5.6,.511,0.6,1.8,.341,2.3,3.8,.593,.567,1.4,1.6,.872,1.3,2.9,4.2,1.0,0.3,1.0,1.4,3.0,7.8
91,Darren Collison\collida01,PG,31,IND,24,24,27.8,3.6,8.2,.439,0.8,2.2,.358,2.8,6.0,.469,.487,1.7,2.2,.755,0.5,2.2,2.6,5.0,1.7,0.1,1.5,1.7,9.6
92,Mike Conley\conlemi01,PG,31,MEM,22,22,34.1,7.0,16.7,.418,2.3,6.5,.347,4.7,10.2,.464,.486,4.8,5.8,.828,0.5,2.8,3.4,6.6,1.1,0.4,2.0,2.3,21.1
93,Pat Connaughton\connapa01,SG,26,MIL,19,0,19.3,2.6,5.9,.438,1.1,3.5,.318,1.5,2.4,.609,.531,0.7,1.1,.700,1.1,3.2,4.3,1.9,0.4,0.7,0.5,1.4,7.0
94,Quinn Cook\cookqu01,PG,25,GSW,22,8,19.7,3.7,8.0,.466,1.5,3.5,.442,2.2,4.5,.485,.563,0.5,0.5,.833,0.3,2.5,2.7,2.2,0.5,0.1,1.0,1.9,9.5
95,Robert Covington\covinro01,SF,28,TOT,23,23,34.7,4.3,10.0,.428,2.5,6.4,.392,1.7,3.5,.494,.555,1.6,2.1,.771,0.6,5.0,5.6,1.1,2.3,1.5,1.3,3.3,12.7
95,Robert Covington\covinro01,SF,28,PHI,13,13,33.8,3.8,9.0,.427,2.3,5.9,.390,1.5,3.1,.500,.556,1.3,1.8,.739,0.5,4.6,5.2,1.1,1.8,1.8,1.7,3.5,11.3
95,Robert Covington\covinro01,SF,28,MIN,10,10,35.9,4.8,11.2,.429,2.8,7.1,.394,2.0,4.1,.488,.554,2.0,2.5,.800,0.6,5.6,6.2,1.2,2.8,1.1,0.9,3.1,14.4
96,Allen Crabbe\crabbal01,SG,26,BRK,24,11,25.3,2.7,8.5,.312,1.9,5.6,.343,0.8,3.0,.254,.424,0.9,1.0,.840,0.4,2.9,3.3,1.0,0.5,0.3,1.1,2.4,8.1
97,Torrey Craig\craigto01,SF,28,DEN,18,12,15.8,1.5,3.8,.397,0.4,1.9,.206,1.1,1.9,.588,.449,0.3,0.5,.667,1.5,2.0,3.5,0.5,0.4,0.4,0.7,1.9,3.7
98,Jamal Crawford\crawfja01,SG,38,PHO,22,0,15.7,2.2,5.8,.386,1.0,2.8,.371,1.2,3.0,.400,.476,1.3,1.7,.784,0.1,1.0,1.0,2.5,0.3,0.1,1.3,1.1,6.8
99,Jae Crowder\crowdja01,SF,28,UTA,25,3,28.7,4.2,10.2,.408,2.0,6.3,.325,2.1,3.9,.541,.508,2.2,3.0,.720,0.7,4.0,4.7,1.9,0.7,0.4,0.9,2.4,12.5
100,Dante Cunningham\cunnida01,PF,31,SAS,24,18,22.0,1.6,3.5,.452,0.7,1.6,.447,0.9,1.9,.457,.554,0.4,0.4,.900,1.2,3.3,4.5,1.3,0.6,0.4,0.6,2.0,4.3
101,Seth Curry\curryse01,SG,28,POR,20,0,16.5,1.6,4.1,.378,0.9,2.0,.450,0.7,2.1,.310,.488,0.3,0.3,1.000,0.4,1.0,1.4,0.8,0.2,0.1,0.7,1.3,4.3
102,Stephen Curry\curryst01,PG,30,GSW,14,14,33.2,10.1,19.6,.516,5.1,10.4,.490,5.1,9.3,.546,.645,4.0,4.3,.933,0.4,4.4,4.9,5.6,1.1,0.4,3.3,2.6,29.4
103,Troy Daniels\danietr01,SG,27,PHO,8,0,11.5,1.9,4.5,.417,1.5,3.8,.400,0.4,0.8,.500,.583,0.3,0.3,1.000,0.3,1.0,1.3,0.8,0.8,0.1,1.0,1.4,5.5
104,Anthony Davis\davisan02,C,25,NOP,21,21,37.5,9.9,19.4,.507,0.9,2.6,.333,9.0,16.9,.534,.529,7.4,9.1,.812,3.5,9.5,13.0,4.8,1.6,2.7,2.4,2.7,28.0
105,Ed Davis\davised01,C,29,BRK,25,1,16.8,2.4,4.0,.600,0.0,0.0,,2.4,4.0,.600,.600,0.9,1.6,.590,3.3,4.8,8.1,0.7,0.4,0.4,0.7,3.0,5.7
106,Tyler Davis\davisty01,C,21,OKC,1,0,1.0,0.0,1.0,.000,0.0,0.0,,0.0,1.0,.000,.000,0.0,0.0,,1.0,0.0,1.0,0.0,0.0,0.0,0.0,0.0,0.0
107,Dewayne Dedmon\dedmode01,C,29,ATL,18,7,21.8,3.1,6.8,.447,0.6,2.2,.256,2.5,4.7,.536,.488,1.0,1.1,.900,1.1,5.5,6.6,0.8,1.1,1.2,1.1,3.1,7.7
108,Sam Dekker\dekkesa01,PF,24,CLE,9,5,18.8,2.4,5.3,.458,0.6,1.4,.385,1.9,3.9,.486,.510,0.9,1.1,.800,1.0,2.7,3.7,1.0,1.2,0.0,0.6,1.4,6.3
109,Matthew Dellavedova\dellama01,PG,28,MIL,11,0,7.0,0.5,1.5,.353,0.4,0.9,.400,0.2,0.6,.286,.471,0.2,0.2,1.000,0.0,0.8,0.8,2.1,0.2,0.0,0.7,0.5,1.6
110,Luol Deng\denglu01,SF,33,MIN,3,0,8.7,1.3,4.0,.333,0.0,1.7,.000,1.3,2.3,.571,.333,0.7,1.0,.667,1.7,2.0,3.7,0.3,0.3,0.3,0.3,0.7,3.3
111,DeMar DeRozan\derozde01,SG,29,SAS,24,24,35.4,9.1,18.9,.483,0.3,1.4,.182,8.9,17.5,.507,.490,5.5,6.4,.856,0.8,4.8,5.6,6.0,1.0,0.4,2.7,2.4,24.0
112,Marcus Derrickson\derrima01,SF,22,GSW,3,0,4.3,0.7,1.7,.400,0.3,0.7,.500,0.3,1.0,.333,.500,0.0,0.0,,0.0,0.7,0.7,0.0,0.0,0.0,0.7,1.7,1.7
113,Cheick Diallo\diallch01,PF,22,NOP,18,0,8.9,1.4,2.8,.510,0.0,0.1,.000,1.4,2.8,.520,.510,0.9,1.1,.800,0.9,2.4,3.4,0.3,0.2,0.7,0.4,1.2,3.8
114,Hamidou Diallo\diallha01,SG,20,OKC,16,2,14.6,2.4,5.2,.470,0.3,0.9,.267,2.2,4.3,.515,.494,1.1,1.6,.720,1.2,1.6,2.8,0.5,0.9,0.3,0.4,1.9,6.3
115,Gorgui Dieng\dienggo01,C,29,MIN,24,0,13.5,2.0,4.5,.449,0.2,0.8,.222,1.8,3.7,.494,.467,1.0,1.3,.833,0.9,3.1,4.0,0.8,0.5,0.6,0.8,1.8,5.2
116,Spencer Dinwiddie\dinwisp01,PG,25,BRK,25,3,28.4,5.3,11.6,.460,2.0,5.5,.362,3.3,6.0,.550,.547,3.0,3.8,.792,0.6,2.0,2.6,4.9,0.6,0.3,2.1,3.2,15.7
117,Donte DiVincenzo\divindo01,SG,22,MIL,17,0,17.1,2.2,5.2,.420,0.9,3.4,.263,1.3,1.8,.710,.506,0.5,0.6,.818,0.6,2.1,2.7,1.4,0.4,0.1,0.8,1.7,5.8
118,Luka Doncic\doncilu01,PF,19,DAL,21,21,33.1,6.4,14.5,.443,2.3,6.0,.386,4.1,8.5,.483,.523,3.4,4.3,.789,1.1,5.5,6.6,4.2,1.0,0.4,3.7,2.2,18.6
119,Tyler Dorsey\dorsety01,SG,22,ATL,11,0,9.9,1.3,3.6,.350,0.2,1.2,.154,1.1,2.5,.444,.375,0.5,1.1,.417,0.2,1.3,1.5,0.6,0.3,0.0,0.2,0.6,3.2
120,Damyean Dotson\dotsoda01,SG,24,NYK,19,9,26.7,4.6,9.7,.473,1.7,4.3,.402,2.8,5.4,.529,.563,0.8,1.0,.789,1.0,3.6,4.6,0.9,1.0,0.2,0.6,1.7,11.7
121,PJ Dozier\doziepj01,PG,22,BOS,1,0,6.0,3.0,5.0,.600,1.0,1.0,1.000,2.0,4.0,.500,.700,0.0,0.0,,2.0,2.0,4.0,0.0,0.0,0.0,0.0,1.0,7.0
122,Goran Dragic\dragigo01,PG,32,MIA,12,12,30.8,5.8,13.8,.416,1.7,5.2,.323,4.1,8.7,.471,.476,3.2,4.2,.760,0.7,2.7,3.3,4.7,0.6,0.3,2.5,2.5,16.3
123,Andre Drummond\drumman01,C,25,DET,21,21,32.9,7.9,15.1,.521,0.1,0.9,.167,7.7,14.2,.542,.525,2.5,5.2,.473,6.1,9.8,15.9,1.3,1.4,1.8,2.5,3.6,18.3
124,Jared Dudley\dudleja01,PF,33,BRK,25,20,22.2,1.6,4.3,.364,0.8,2.7,.294,0.8,1.6,.487,.458,0.4,0.6,.688,0.7,2.0,2.7,1.4,0.6,0.2,0.9,2.6,4.4
125,Kris Dunn\dunnkr01,PG,24,CHI,1,1,30.0,4.0,13.0,.308,1.0,4.0,.250,3.0,9.0,.333,.346,0.0,0.0,,0.0,4.0,4.0,7.0,0.0,0.0,4.0,6.0,9.0
126,Kevin Durant\duranke01,PF,30,GSW,25,25,35.8,10.5,20.2,.518,1.5,4.5,.327,9.0,15.7,.573,.554,7.5,8.1,.931,0.5,7.2,7.7,6.2,0.9,1.1,3.3,2.1,30.0
127,Vince Edwards\edwarvi01,SF,22,HOU,1,0,4.0,1.0,2.0,.500,1.0,2.0,.500,0.0,0.0,,.750,0.0,0.0,,1.0,0.0,1.0,0.0,0.0,0.0,0.0,0.0,3.0
128,Henry Ellenson\ellenhe01,PF,22,DET,1,0,8.0,2.0,5.0,.400,1.0,2.0,.500,1.0,3.0,.333,.500,2.0,2.0,1.000,0.0,3.0,3.0,0.0,0.0,0.0,0.0,1.0,7.0
129,Wayne Ellington\ellinwa01,SG,31,MIA,16,10,26.3,3.3,8.8,.371,2.8,7.4,.381,0.4,1.4,.318,.532,0.7,0.8,.846,0.4,2.2,2.6,1.6,1.3,0.2,0.8,2.0,10.0
130,Joel Embiid\embiijo01,C,24,PHI,25,25,34.2,8.7,18.6,.468,1.2,4.1,.301,7.5,14.5,.515,.501,8.3,10.4,.797,2.2,11.2,13.4,3.5,0.5,2.0,3.1,3.4,27.0
131,James Ennis\ennisja01,SF,28,HOU,20,20,25.5,3.1,6.3,.496,1.4,3.6,.380,1.8,2.7,.648,.604,1.0,1.5,.690,1.0,1.5,2.5,0.7,1.0,0.4,0.7,3.5,8.6
132,Drew Eubanks\eubandr01,PF,21,SAS,3,0,4.3,1.0,1.7,.600,0.0,0.0,,1.0,1.7,.600,.600,0.7,0.7,1.000,0.3,0.0,0.3,0.0,0.0,0.0,0.7,0.0,2.7
133,Jacob Evans\evansja02,SG,21,GSW,16,0,4.6,0.2,0.9,.200,0.1,0.3,.250,0.1,0.7,.182,.233,0.0,0.0,,0.1,0.4,0.4,0.6,0.1,0.1,0.3,0.6,0.4
134,Tyreke Evans\evansty01,SG,29,IND,23,8,21.8,3.7,10.1,.369,1.4,3.9,.371,2.3,6.3,.368,.440,1.7,2.2,.760,0.6,2.2,2.8,2.6,1.3,0.3,2.1,1.9,10.6
135,Dante Exum\exumda01,PG,23,UTA,24,0,16.1,2.2,5.7,.382,0.5,1.6,.282,1.7,4.0,.423,.423,1.7,2.3,.741,0.4,1.3,1.7,2.0,0.3,0.2,1.1,1.7,6.5
136,Kenneth Faried\farieke01,PF,29,BRK,8,0,5.6,1.4,1.8,.786,0.0,0.0,,1.4,1.8,.786,.786,0.4,0.9,.429,0.9,1.1,2.0,0.0,0.1,0.1,0.4,0.3,3.1
137,Derrick Favors\favorde01,C,27,UTA,24,22,22.8,4.2,7.0,.592,0.3,1.1,.308,3.8,6.0,.643,.615,1.7,2.8,.621,2.9,4.1,7.0,0.9,0.8,1.3,1.2,2.4,10.4
138,Cristiano Felicio\feliccr01,C,26,CHI,18,0,12.4,1.4,2.4,.568,0.0,0.1,.000,1.4,2.4,.581,.568,0.8,1.0,.778,0.9,2.6,3.5,0.6,0.1,0.1,0.7,1.2,3.6
139,Raymond Felton\feltora01,PG,34,OKC,13,0,11.0,1.9,5.5,.352,0.4,2.2,.179,1.5,3.3,.465,.387,0.6,0.7,.889,0.2,1.3,1.5,1.8,0.5,0.3,0.8,0.8,4.8
140,Terrance Ferguson\fergute01,SG,20,OKC,16,16,21.7,1.5,4.2,.358,0.7,2.8,.250,0.8,1.4,.565,.440,0.3,0.4,.833,0.7,1.4,2.1,0.9,0.6,0.3,0.9,2.8,4.0
141,Yogi Ferrell\ferreyo01,SG,25,SAC,14,2,13.6,1.6,4.1,.404,0.6,1.7,.333,1.1,2.4,.455,.474,1.1,1.1,1.000,0.1,1.3,1.4,0.9,0.5,0.1,0.5,0.9,4.9
142,Dorian Finney-Smith\finnedo01,SF,25,DAL,22,10,27.0,3.2,6.8,.470,1.4,3.6,.392,1.8,3.2,.557,.574,0.8,1.4,.600,1.8,2.4,4.2,0.7,1.2,0.5,1.0,3.0,8.6
143,Bryn Forbes\forbebr01,PG,25,SAS,24,24,27.4,4.6,10.2,.449,2.2,5.0,.438,2.4,5.2,.460,.557,0.8,1.0,.783,0.2,1.6,1.8,2.2,0.6,0.0,1.2,2.5,12.1
144,Evan Fournier\fournev01,SG,26,ORL,24,24,30.1,5.8,13.9,.416,1.9,6.2,.304,3.9,7.8,.505,.484,1.4,1.9,.739,0.3,2.6,2.8,3.9,1.1,0.3,1.9,2.8,14.9
145,De'Aaron Fox\foxde01,PG,21,SAC,23,23,32.4,6.0,13.1,.458,1.1,3.0,.382,4.9,10.1,.481,.502,4.1,5.9,.704,0.5,3.3,3.8,7.5,1.3,0.5,3.3,2.3,17.3
146,Melvin Frazier\frazime01,SG,22,ORL,2,0,5.5,0.0,0.5,.000,0.0,0.5,.000,0.0,0.0,,.000,0.0,0.0,,0.0,0.0,0.0,0.0,0.0,0.0,0.5,0.5,0.0
147,Tim Frazier\fraziti01,PG,28,NOP,16,6,16.9,1.3,3.3,.396,0.6,1.6,.346,0.8,1.7,.444,.481,0.4,0.6,.667,0.6,1.5,2.1,3.8,0.4,0.1,1.1,1.9,3.6
148,Channing Frye\fryech01,C,35,CLE,5,1,8.2,0.8,1.8,.444,0.6,1.0,.600,0.2,0.8,.250,.611,0.0,0.0,,0.0,2.0,2.0,0.2,0.2,0.0,0.6,1.2,2.2
149,Markelle Fultz\fultzma01,SG,20,PHI,19,15,22.5,3.4,8.2,.419,0.2,0.7,.286,3.2,7.4,.433,.432,1.1,1.9,.568,1.4,2.3,3.7,3.1,0.9,0.3,1.3,2.7,8.2
150,Danilo Gallinari\gallida01,SF,30,LAC,22,22,31.5,5.8,13.0,.443,2.5,5.3,.462,3.3,7.7,.429,.537,5.2,5.5,.943,1.0,5.0,6.0,2.2,0.6,0.3,1.0,2.1,19.2
151,Langston Galloway\gallola01,SG,27,DET,20,0,24.6,2.9,7.3,.400,1.8,5.1,.347,1.2,2.2,.523,.521,1.1,1.4,.815,0.5,2.2,2.7,1.4,0.3,0.1,0.5,2.0,8.7
152,Marc Gasol\gasolma01,C,34,MEM,22,22,35.7,6.3,13.4,.471,1.9,4.6,.416,4.4,8.8,.500,.542,3.5,4.8,.726,1.2,8.2,9.4,4.0,1.6,1.4,1.9,2.9,18.0
153,Pau Gasol\gasolpa01,C,38,SAS,9,0,17.4,2.4,4.8,.512,0.4,0.8,.571,2.0,4.0,.500,.558,1.4,2.0,.722,1.2,4.9,6.1,3.3,0.1,1.0,0.8,1.8,6.8
154,Rudy Gay\gayru01,SF,32,SAS,20,17,26.7,5.1,10.2,.495,1.3,2.6,.510,3.8,7.7,.490,.559,1.4,1.7,.794,1.2,5.5,6.7,2.2,0.7,0.6,1.5,2.5,12.8
155,Paul George\georgpa01,SF,28,OKC,22,22,34.7,8.1,19.4,.417,3.1,8.8,.351,5.0,10.6,.472,.496,4.0,4.8,.829,1.3,6.5,7.8,4.3,2.2,0.8,2.9,3.0,23.2
156,Taj Gibson\gibsota01,PF,33,MIN,24,24,26.3,4.3,8.0,.534,0.3,0.8,.421,4.0,7.3,.546,.554,1.9,2.7,.703,2.9,4.0,7.0,1.5,1.0,0.6,1.0,2.6,10.8
157,Harry Giles\gilesha01,PF,20,SAC,18,0,10.3,2.4,5.2,.468,0.0,0.1,.000,2.4,5.1,.478,.468,0.6,1.2,.476,1.1,2.1,3.1,1.2,0.7,0.2,1.1,2.4,5.4
158,Shai Gilgeous-Alexander\gilgesh01,PG,20,LAC,23,14,27.6,3.9,8.3,.468,0.5,1.5,.343,3.3,6.7,.497,.500,2.3,2.9,.818,0.9,2.4,3.3,2.9,1.0,0.7,1.9,1.8,10.6
159,Rudy Gobert\goberru01,C,26,UTA,25,25,32.4,5.9,8.6,.692,0.0,0.0,,5.9,8.6,.692,.692,3.6,6.1,.595,3.6,9.2,12.8,1.8,0.9,2.1,1.6,2.9,15.5
160,Aaron Gordon\gordoaa01,PF,23,ORL,22,22,32.3,6.4,13.2,.483,1.6,4.2,.376,4.8,9.0,.533,.543,2.0,2.9,.698,1.9,5.6,7.5,2.7,1.0,0.9,1.8,2.5,16.3
161,Eric Gordon\gordoer01,SG,30,HOU,20,8,32.9,5.5,15.1,.364,2.8,9.0,.313,2.7,6.2,.439,.457,2.5,3.2,.794,0.4,2.1,2.5,1.9,0.6,0.5,1.4,2.1,16.3
162,Marcin Gortat\gortama01,C,34,LAC,19,19,17.5,2.3,4.1,.571,0.0,0.0,,2.3,4.1,.571,.571,1.0,1.2,.826,1.3,4.5,5.8,1.5,0.1,0.5,1.0,2.3,5.6
163,Devonte' Graham\grahade01,PG,23,CHO,9,0,9.2,1.1,2.8,.400,0.4,1.7,.267,0.7,1.1,.600,.480,0.0,0.0,,0.0,0.8,0.8,1.3,0.3,0.0,0.6,0.7,2.7
164,Treveon Graham\grahatr01,SG,25,BRK,2,0,13.5,0.0,1.5,.000,0.0,1.0,.000,0.0,0.5,.000,.000,0.0,0.0,,0.5,1.5,2.0,0.5,0.5,0.0,1.0,2.5,0.0
165,Jerami Grant\grantje01,PF,24,OKC,22,19,30.0,4.3,8.4,.511,1.1,3.0,.373,3.1,5.3,.590,.579,2.2,3.2,.676,0.9,4.1,5.0,1.2,0.7,1.1,1.0,2.4,11.9
166,Jerian Grant\grantje02,PG,26,ORL,24,0,19.6,1.7,4.3,.388,0.8,2.0,.367,0.9,2.3,.407,.476,0.3,0.7,.500,0.5,1.5,2.0,3.5,1.0,0.1,1.3,1.7,4.4
167,Danny Green\greenda02,SG,31,TOR,25,25,28.9,3.6,8.0,.448,2.6,5.8,.438,1.0,2.2,.473,.607,0.2,0.2,1.000,0.9,2.9,3.8,1.2,1.0,0.8,1.1,2.4,10.0
168,Draymond Green\greendr01,PF,28,GSW,13,13,30.5,2.8,6.2,.444,0.5,2.1,.222,2.3,4.2,.556,.481,0.9,1.4,.667,0.8,6.7,7.5,7.2,1.8,0.8,3.3,3.1,6.9
169,Gerald Green\greenge01,SG,33,HOU,19,0,16.7,2.6,6.5,.395,1.5,5.0,.305,1.1,1.5,.690,.512,0.4,0.5,.778,0.5,1.9,2.4,0.5,0.3,0.1,0.5,1.6,7.1
170,JaMychal Green\greenja01,PF,28,MEM,10,2,22.5,4.0,8.6,.465,0.8,1.9,.421,3.2,6.7,.478,.512,0.9,1.1,.818,2.2,4.4,6.6,0.8,1.1,0.7,2.0,2.9,9.7
171,Jeff Green\greenje02,PF,32,WAS,23,2,23.8,3.6,7.4,.488,0.8,2.7,.306,2.8,4.7,.593,.544,1.7,1.9,.930,1.4,3.4,4.8,1.3,0.6,0.5,1.3,2.0,9.8
172,Blake Griffin\griffbl01,PF,29,DET,21,21,35.7,8.4,18.2,.462,2.2,6.2,.362,6.2,12.0,.514,.523,5.5,7.4,.748,1.6,7.7,9.2,5.0,0.7,0.5,3.6,2.9,24.6
173,Daniel Hamilton\hamilda02,SG,23,ATL,2,0,6.0,0.5,2.0,.250,0.0,0.5,.000,0.5,1.5,.333,.250,0.5,1.0,.500,0.0,0.0,0.0,0.5,0.0,0.0,0.5,0.0,1.5
174,Tim Hardaway\hardati02,SG,26,NYK,24,24,33.4,7.1,17.8,.398,3.0,8.2,.360,4.1,9.6,.430,.481,5.0,5.9,.844,0.5,2.8,3.4,3.1,0.9,0.1,2.0,2.5,22.1
175,James Harden\hardeja01,SG,29,HOU,20,20,36.5,9.1,20.5,.444,4.2,11.1,.374,5.0,9.4,.527,.545,8.2,10.0,.824,0.6,5.0,5.6,8.7,2.3,0.6,5.8,3.4,30.6
176,Maurice Harkless\harklma01,SF,25,POR,12,5,17.3,1.4,3.8,.370,0.5,1.8,.286,0.9,2.1,.440,.435,0.3,0.3,.750,0.6,2.8,3.4,0.7,0.7,0.8,0.7,2.3,3.6
177,Montrezl Harrell\harremo01,C,25,LAC,23,0,25.8,6.2,9.5,.651,0.0,0.0,,6.2,9.5,.651,.651,4.1,6.6,.629,2.4,4.8,7.2,1.5,1.0,1.7,1.4,2.9,16.5
178,Devin Harris\harride01,PG,35,DAL,12,0,15.8,2.3,5.3,.438,1.2,3.3,.350,1.2,2.0,.583,.547,1.6,2.2,.731,0.1,1.9,2.0,1.3,1.0,0.3,0.6,1.8,7.4
179,Gary Harris\harriga01,SG,24,DEN,21,21,32.3,6.2,14.1,.439,1.7,5.3,.324,4.5,8.8,.508,.500,2.5,3.2,.791,0.7,2.5,3.2,2.9,1.2,0.4,1.2,2.2,16.6
180,Joe Harris\harrijo01,SG,27,BRK,22,22,29.2,4.7,9.5,.490,2.3,5.3,.440,2.4,4.3,.553,.612,1.2,1.5,.813,0.7,2.6,3.4,2.2,0.6,0.1,1.4,3.1,12.9
181,Tobias Harris\harrito02,PF,26,LAC,23,23,35.0,8.3,16.0,.520,2.0,4.7,.422,6.3,11.3,.562,.583,2.9,3.4,.848,0.7,7.7,8.4,2.3,0.5,0.5,1.9,2.0,21.6
182,Andrew Harrison\harrian01,SG-PG,24,TOT,11,0,13.5,1.2,3.7,.317,0.3,1.4,.200,0.9,2.4,.385,.354,1.5,1.5,1.000,0.4,1.0,1.4,1.5,0.4,0.2,0.9,2.5,4.1
182,Andrew Harrison\harrian01,PG,24,MEM,1,0,5.0,1.0,2.0,.500,0.0,1.0,.000,1.0,1.0,1.000,.500,0.0,0.0,,0.0,0.0,0.0,0.0,0.0,0.0,0.0,1.0,2.0
182,Andrew Harrison\harrian01,SG,24,CLE,10,0,14.4,1.2,3.9,.308,0.3,1.4,.214,0.9,2.5,.360,.346,1.6,1.6,1.000,0.4,1.1,1.5,1.7,0.4,0.2,1.0,2.6,4.3
183,Shaquille Harrison\harrish01,PG,25,CHI,16,0,16.1,1.9,5.1,.383,0.3,1.4,.174,1.7,3.6,.466,.407,1.5,2.4,.632,0.4,2.7,3.1,2.0,1.6,0.2,0.8,1.3,5.6
184,Josh Hart\hartjo01,SG,23,LAL,23,3,24.3,3.2,7.0,.457,1.7,4.4,.396,1.5,2.7,.557,.580,0.9,1.3,.677,0.4,2.8,3.3,1.3,1.2,0.6,0.9,2.1,9.1
185,Isaiah Hartenstein\harteis01,PF,20,HOU,21,0,8.2,0.8,1.6,.485,0.1,0.2,.400,0.7,1.3,.500,.515,0.5,0.7,.786,0.8,0.8,1.6,0.5,0.2,0.4,0.6,2.0,2.1
186,Udonis Haslem\hasleud01,C,38,MIA,2,0,3.0,0.5,2.0,.250,0.0,1.0,.000,0.5,1.0,.500,.250,0.0,0.0,,0.0,0.5,0.5,0.0,0.0,0.0,1.0,1.0,1.0
187,Gordon Hayward\haywago01,SF,28,BOS,21,15,26.8,3.9,9.3,.421,1.2,3.8,.325,2.7,5.5,.487,.487,2.1,2.4,.882,1.1,4.4,5.5,3.5,1.2,0.3,1.5,1.5,11.2
188,John Henson\hensojo01,C,28,MIL,14,0,13.4,2.2,4.8,.463,0.8,2.2,.355,1.4,2.6,.556,.545,0.4,0.7,.600,1.1,3.9,5.1,1.0,0.5,0.8,0.9,1.1,5.6
189,Juan Hernangomez\hernaju01,PF,23,DEN,22,11,25.3,3.2,6.6,.479,1.7,3.7,.457,1.5,3.0,.508,.606,1.2,1.5,.794,1.8,3.6,5.4,0.8,0.5,0.4,0.9,1.8,9.3
190,Willy Hernangomez\hernawi01,C,24,CHO,17,1,13.5,2.4,4.6,.519,0.6,1.1,.611,1.8,3.6,.492,.589,1.8,2.3,.769,1.9,2.9,4.9,0.9,0.5,0.5,0.9,2.1,7.2
191,Mario Hezonja\hezonma01,SF,23,NYK,23,8,19.1,3.1,8.2,.381,0.8,3.1,.264,2.3,5.1,.453,.431,0.8,1.3,.655,0.3,3.1,3.5,1.1,0.8,0.1,1.4,1.9,7.9
192,Buddy Hield\hieldbu01,SG,25,SAC,23,23,30.6,7.1,14.9,.475,2.4,5.8,.418,4.7,9.1,.512,.557,1.8,2.2,.840,1.2,4.3,5.5,2.6,0.5,0.4,2.3,2.4,18.4
193,Nene Hilario\hilarne01,C,36,HOU,2,0,11.0,1.0,2.0,.500,0.0,0.0,,1.0,2.0,.500,.500,0.0,0.0,,0.5,2.5,3.0,0.5,0.0,0.5,0.5,2.0,2.0
194,George Hill\hillge01,PG,32,CLE,12,12,26.6,4.6,8.5,.539,1.1,2.3,.481,3.5,6.3,.560,.603,1.4,1.7,.850,0.8,1.3,2.1,2.8,0.9,0.1,1.5,2.6,11.7
195,Solomon Hill\hillso01,SF,27,NOP,13,1,19.7,1.2,3.4,.341,0.5,1.8,.261,0.7,1.6,.429,.409,0.3,0.6,.500,0.9,1.9,2.8,1.4,0.5,0.3,0.7,1.7,3.1
196,Aaron Holiday\holidaa01,PG,22,IND,14,0,11.9,2.4,5.3,.446,0.7,2.6,.270,1.6,2.6,.622,.514,0.9,1.1,.813,0.1,1.7,1.8,1.4,0.4,0.1,0.9,1.3,6.4
197,Jrue Holiday\holidjr01,SG,28,NOP,25,25,36.4,7.9,16.8,.473,1.4,4.8,.281,6.6,11.9,.550,.513,3.4,4.5,.750,1.2,3.4,4.5,9.0,1.6,0.8,3.7,2.6,20.6
198,Justin Holiday\holidju01,SG,29,CHI,25,25,35.4,4.4,10.6,.410,3.0,7.7,.391,1.4,3.0,.459,.551,0.8,1.0,.875,0.6,4.0,4.6,2.6,1.7,0.5,1.1,2.1,12.6
199,John Holland\hollajo02,SF,30,CLE,1,0,1.0,0.0,0.0,,0.0,0.0,,0.0,0.0,,,0.0,0.0,,0.0,0.0,0.0,0.0,0.0,0.0,0.0,0.0,0.0
200,Rondae Hollis-Jefferson\holliro01,SF,24,BRK,21,6,23.0,3.7,9.0,.411,0.1,0.9,.158,3.6,8.1,.439,.418,2.2,3.5,.622,1.7,4.1,5.8,1.4,0.7,0.5,1.2,1.9,9.8
201,Richaun Holmes\holmeri01,C,25,PHO,23,0,13.5,2.6,4.0,.641,0.0,0.0,,2.6,4.0,.641,.641,1.0,1.7,.579,1.8,2.7,4.5,0.4,0.6,1.0,1.0,2.3,6.1
202,Rodney Hood\hoodro01,SG,26,CLE,23,23,29.0,4.7,10.8,.440,1.2,3.0,.400,3.5,7.7,.455,.496,2.3,2.6,.900,0.4,2.1,2.5,2.2,0.8,0.1,1.0,2.7,13.0
203,Al Horford\horfoal01,C,32,BOS,21,21,30.1,5.0,10.3,.481,1.3,3.9,.341,3.6,6.4,.567,.546,0.9,1.3,.667,1.5,4.6,6.1,3.4,0.8,1.6,1.5,1.8,12.1
204,Danuel House\houseda01,SF,25,HOU,5,0,21.2,2.6,6.6,.394,1.2,4.4,.273,1.4,2.2,.636,.485,2.0,2.8,.714,1.2,1.6,2.8,0.8,0.2,0.0,0.6,3.0,8.4
205,Dwight Howard\howardw01,C,33,WAS,9,9,25.6,4.8,7.7,.623,0.0,0.0,,4.8,7.7,.623,.623,3.2,5.3,.604,2.7,6.6,9.2,0.4,0.8,0.4,1.8,3.8,12.8
206,Kevin Huerter\huertke01,SG,20,ATL,23,7,20.7,2.2,5.4,.408,1.1,2.9,.388,1.1,2.5,.431,.512,0.4,0.6,.714,0.9,2.5,3.3,2.0,0.7,0.3,1.0,1.7,6.0
207,Chandler Hutchison\hutchch01,SF,22,CHI,21,3,18.5,1.8,4.2,.420,0.2,1.0,.227,1.5,3.1,.485,.449,0.7,1.1,.652,0.7,3.4,4.1,0.7,0.6,0.2,0.8,1.4,4.5
208,Serge Ibaka\ibakase01,C,29,TOR,24,16,27.8,6.8,12.1,.564,0.7,2.5,.288,6.1,9.7,.634,.593,2.0,2.6,.790,2.2,5.2,7.4,1.3,0.5,1.3,1.9,3.3,16.4
209,Andre Iguodala\iguodan01,SF,35,GSW,23,9,23.3,1.7,3.7,.447,0.5,1.6,.306,1.2,2.1,.551,.512,0.7,1.0,.625,0.7,2.4,3.1,3.1,0.8,0.7,1.0,1.3,4.4
210,Ersan Ilyasova\ilyaser01,PF,31,MIL,19,1,20.9,2.8,5.9,.478,0.9,2.5,.354,1.9,3.4,.569,.553,0.9,1.2,.818,1.6,4.2,5.7,1.2,0.5,0.2,0.9,3.0,7.5
211,Joe Ingles\inglejo01,SF,31,UTA,25,25,32.2,4.6,10.2,.449,2.2,5.8,.384,2.4,4.4,.536,.559,1.0,1.6,.667,0.3,3.6,3.8,4.6,1.7,0.2,2.4,2.5,12.5
212,Brandon Ingram\ingrabr01,SG,21,LAL,19,19,32.1,6.1,13.1,.466,0.6,1.8,.324,5.5,11.3,.488,.488,2.9,4.6,.636,0.7,3.5,4.2,2.3,0.7,0.7,2.4,2.9,15.7
213,Kyrie Irving\irvinky01,PG,26,BOS,22,22,32.1,8.5,17.8,.481,2.6,6.7,.388,6.0,11.1,.537,.554,2.5,3.1,.824,1.2,3.6,4.8,6.4,1.7,0.5,2.6,2.5,22.2
214,Jonathan Isaac\isaacjo01,SF,21,ORL,18,9,23.2,3.1,6.7,.455,0.7,2.2,.308,2.4,4.6,.524,.504,1.7,2.2,.795,1.2,4.1,5.2,0.9,0.7,1.1,0.9,2.1,8.5
215,Wesley Iwundu\iwundwe01,SF,24,ORL,18,12,16.8,1.5,3.9,.380,0.3,1.0,.278,1.2,2.9,.415,.415,1.2,1.5,.778,0.4,1.6,2.0,0.9,0.3,0.2,0.5,1.6,4.4
216,Demetrius Jackson\jacksde01,PG,24,PHI,1,0,6.0,1.0,1.0,1.000,0.0,0.0,,1.0,1.0,1.000,1.000,0.0,0.0,,0.0,0.0,0.0,0.0,1.0,0.0,1.0,0.0,2.0
217,Frank Jackson\jacksfr01,PG,20,NOP,15,0,12.0,1.5,4.2,.365,0.5,1.8,.296,1.0,2.4,.417,.429,0.7,0.9,.714,0.1,0.6,0.7,0.6,0.1,0.0,0.7,1.5,4.3
218,Jaren Jackson\jacksja02,C,19,MEM,22,20,25.7,5.2,10.0,.520,0.9,2.5,.352,4.4,7.6,.575,.563,2.6,3.3,.781,1.3,3.2,4.5,1.4,1.0,2.0,1.6,4.0,13.9
219,Josh Jackson\jacksjo02,SG,21,PHO,24,6,19.4,3.2,8.1,.397,0.6,2.3,.255,2.6,5.8,.453,.433,1.2,1.9,.630,0.4,2.8,3.1,1.9,0.8,0.5,2.2,2.3,8.2
220,Justin Jackson\jacksju01,SF,23,SAC,22,2,20.6,2.5,5.5,.451,1.0,2.8,.344,1.5,2.8,.557,.537,0.7,1.0,.727,0.4,2.5,2.9,1.5,0.5,0.2,0.3,1.0,6.7
221,Reggie Jackson\jacksre01,PG,28,DET,21,21,28.8,5.2,13.1,.396,2.1,6.3,.338,3.0,6.8,.451,.478,3.4,4.0,.867,0.6,2.0,2.5,4.0,0.7,0.0,1.9,3.0,16.0
222,LeBron James\jamesle01,PF,34,LAL,23,23,34.7,10.2,19.6,.520,2.1,5.8,.366,8.0,13.7,.585,.574,5.3,7.5,.711,1.0,6.8,7.7,6.7,1.3,0.9,3.6,1.8,27.8
223,Jonas Jerebko\jerebjo01,PF,31,GSW,25,5,19.7,2.5,5.2,.473,1.0,2.7,.368,1.5,2.5,.587,.569,1.1,1.2,.871,1.4,4.1,5.6,1.6,0.5,0.2,0.8,2.6,7.0
224,Alize Johnson\johnsal02,PF,22,IND,3,0,3.0,0.3,0.7,.500,0.0,0.0,,0.3,0.7,.500,.500,0.0,0.7,.000,0.0,1.3,1.3,0.0,0.0,0.0,0.0,1.0,0.7
225,Amir Johnson\johnsam01,C,31,PHI,24,0,10.3,1.6,2.9,.551,0.3,0.5,.500,1.3,2.4,.561,.594,0.8,1.0,.783,0.8,2.3,3.0,1.4,0.2,0.3,1.1,2.0,4.2
226,James Johnson\johnsja01,PF,31,MIA,8,6,20.1,2.5,7.8,.323,1.0,2.8,.364,1.5,5.0,.300,.387,1.1,1.3,.900,0.6,1.5,2.1,2.8,0.5,0.1,1.1,2.6,7.1
227,Stanley Johnson\johnsst04,SF,22,DET,20,7,23.2,3.7,8.8,.420,1.4,4.5,.303,2.4,4.4,.540,.497,1.2,1.5,.793,0.8,3.4,4.2,1.3,1.0,0.3,1.4,2.2,9.9
228,Tyler Johnson\johnsty01,PG,26,MIA,17,0,26.4,4.1,9.2,.439,1.3,4.0,.324,2.8,5.2,.528,.510,1.6,2.2,.711,0.6,2.5,3.1,2.3,1.0,0.6,1.5,1.9,11.0
229,Wesley Johnson\johnswe01,SF,31,NOP,19,13,18.2,1.6,3.9,.419,0.9,2.3,.419,0.7,1.6,.419,.541,0.3,0.3,.833,0.5,2.2,2.7,0.8,0.5,0.4,0.6,2.2,4.5
230,Nikola Jokic\jokicni01,C,23,DEN,23,23,29.7,6.0,12.6,.479,1.1,3.5,.313,5.0,9.1,.543,.522,3.5,4.2,.833,2.4,7.2,9.7,7.5,1.3,0.7,2.8,3.0,16.7
231,Damian Jones\jonesda03,C,23,GSW,24,22,17.1,2.2,3.1,.716,0.0,0.0,,2.2,3.1,.716,.716,1.0,1.5,.649,1.3,1.8,3.1,1.2,0.5,1.0,0.7,2.6,5.4
232,Derrick Jones\jonesde02,SF,21,MIA,13,4,14.4,1.8,4.8,.381,0.4,1.2,.313,1.5,3.6,.404,.421,0.8,1.2,.667,1.2,1.7,2.8,0.5,0.3,0.5,0.8,1.8,4.8
233,Jalen Jones\jonesja04,G,25,CLE,1,0,4.0,0.0,0.0,,0.0,0.0,,0.0,0.0,,,0.0,0.0,,0.0,0.0,0.0,0.0,0.0,0.0,0.0,0.0,0.0
234,Tyus Jones\jonesty01,PG,22,MIN,23,2,18.1,1.7,5.0,.345,0.6,2.0,.298,1.1,3.0,.377,.405,0.4,0.6,.714,0.3,1.3,1.6,2.8,1.2,0.0,0.5,0.9,4.5
235,DeAndre Jordan\jordade01,C,30,DAL,22,22,31.8,4.1,6.7,.619,0.0,0.0,,4.1,6.7,.619,.619,3.3,4.3,.758,2.7,11.1,13.8,2.3,0.6,1.0,2.3,2.7,11.5
236,Cory Joseph\josepco01,PG,27,IND,24,0,26.5,3.0,6.5,.465,1.0,2.2,.434,2.1,4.3,.481,.538,0.3,0.5,.545,0.3,3.2,3.5,3.8,1.4,0.2,1.3,1.7,7.3
237,Frank Kaminsky\kaminfr01,PF,25,CHO,12,0,12.0,2.2,4.6,.473,0.6,1.9,.304,1.6,2.7,.594,.536,1.2,1.6,.737,0.8,2.3,3.0,1.1,0.3,0.2,0.9,1.2,6.1
238,Enes Kanter\kanteen01,C,26,NYK,25,13,27.4,6.1,11.3,.541,0.1,0.4,.273,6.0,10.9,.551,.546,2.6,3.1,.821,4.4,7.4,11.8,2.1,0.4,0.5,2.2,2.7,14.9
239,Luke Kennard\kennalu01,SG,22,DET,4,1,14.0,2.0,4.3,.471,0.3,1.5,.167,1.8,2.8,.636,.500,0.0,0.0,,0.0,1.5,1.5,0.8,0.5,0.3,0.8,0.8,4.3
240,Michael Kidd-Gilchrist\kiddgmi01,PF,25,CHO,17,0,20.1,3.4,6.7,.500,0.3,0.8,.385,3.1,5.9,.515,.522,1.7,2.3,.744,1.9,3.7,5.6,1.2,0.4,1.3,0.5,3.1,8.7
241,Maxi Kleber\klebima01,PF,27,DAL,20,0,18.5,2.4,5.1,.471,1.0,2.9,.328,1.5,2.2,.659,.564,0.8,1.1,.762,1.3,2.5,3.7,0.7,0.6,1.3,0.6,1.5,6.6
242,Kevin Knox\knoxke01,PF,19,NYK,18,3,19.6,2.9,8.7,.338,1.2,3.7,.328,1.7,5.0,.344,.408,1.4,2.2,.667,0.7,2.5,3.2,0.8,0.5,0.4,1.1,2.0,8.6
243,Furkan Korkmaz\korkmfu01,SG,21,PHI,17,0,11.9,1.7,4.3,.397,0.8,2.5,.302,0.9,1.8,.533,.486,0.7,0.8,.857,0.3,1.5,1.8,1.2,0.6,0.0,0.2,1.0,4.9
244,Luke Kornet\kornelu01,PF,23,NYK,5,0,2.6,0.0,0.4,.000,0.0,0.4,.000,0.0,0.0,,.000,0.0,0.0,,0.0,0.0,0.0,0.4,0.0,0.0,0.2,0.0,0.0
245,Kyle Korver\korveky01,PF-SG,37,TOT,19,0,16.1,2.4,5.1,.474,1.7,3.6,.478,0.7,1.5,.464,.644,0.8,1.0,.789,0.1,1.7,1.8,1.0,0.2,0.2,1.2,1.3,7.4
245,Kyle Korver\korveky01,PF,37,CLE,16,0,15.7,2.2,4.8,.461,1.6,3.4,.463,0.6,1.4,.455,.625,0.8,1.0,.813,0.0,1.8,1.8,1.1,0.2,0.1,1.1,1.4,6.8
245,Kyle Korver\korveky01,SG,37,UTA,3,0,18.0,3.7,7.0,.524,2.7,5.0,.533,1.0,2.0,.500,.714,0.7,1.0,.667,0.3,1.3,1.7,0.7,0.3,0.3,1.7,1.0,10.7
246,Kosta Koufos\koufoko01,C,29,SAC,9,0,14.7,2.1,4.1,.514,0.0,0.0,,2.1,4.1,.514,.514,0.1,0.2,.500,1.1,4.4,5.6,1.0,0.8,0.4,0.7,2.0,4.3
247,Rodions Kurucs\kurucro01,SF,20,BRK,9,0,12.3,2.9,5.8,.500,0.7,2.2,.300,2.2,3.6,.625,.558,0.9,0.9,1.000,1.1,2.2,3.3,0.1,0.2,0.0,0.8,1.2,7.3
248,Kyle Kuzma\kuzmaky01,SF,23,LAL,23,21,30.8,6.5,13.8,.473,1.6,5.3,.303,4.9,8.5,.579,.532,2.0,2.7,.738,0.7,4.7,5.3,1.8,0.6,0.6,1.4,2.2,16.6
249,Skal Labissiere\labissk01,PF,22,SAC,7,0,5.7,0.9,1.9,.462,0.1,0.7,.200,0.7,1.1,.625,.500,0.6,0.7,.800,0.1,1.1,1.3,0.3,0.3,0.1,0.6,1.6,2.4
250,Jeremy Lamb\lambje01,SG,26,CHO,23,23,28.2,5.4,11.9,.456,1.5,4.0,.374,4.0,8.0,.497,.518,2.8,3.2,.890,0.8,4.7,5.4,1.8,1.3,0.3,1.0,2.3,15.2
251,Zach LaVine\lavinza01,SG,23,CHI,24,24,35.8,8.5,19.5,.437,1.7,5.4,.308,6.9,14.1,.487,.480,5.7,6.5,.873,0.4,4.8,5.2,4.9,1.0,0.6,3.8,2.2,24.5
252,Jake Layman\laymaja01,SF,24,POR,19,19,15.8,2.1,4.0,.513,0.8,2.1,.385,1.3,1.9,.649,.612,0.2,0.3,.500,0.6,1.7,2.3,0.4,0.5,0.4,0.6,1.1,5.1
253,T.J. Leaf\leaftj01,PF,21,IND,14,0,7.1,0.9,2.4,.382,0.1,0.7,.200,0.8,1.7,.458,.412,0.0,0.0,,0.5,0.9,1.4,0.3,0.1,0.1,0.3,0.4,2.0
254,Courtney Lee\leeco01,G,33,NYK,1,0,16.0,1.0,4.0,.250,1.0,2.0,.500,0.0,2.0,.000,.375,4.0,5.0,.800,3.0,2.0,5.0,2.0,1.0,0.0,0.0,1.0,7.0
255,Damion Lee\leeda03,SG,26,GSW,13,0,13.6,1.8,4.1,.434,0.9,2.2,.414,0.8,1.8,.458,.547,0.6,0.8,.800,0.2,1.9,2.1,0.2,0.6,0.0,0.5,1.3,5.1
256,Alex Len\lenal01,C,25,ATL,22,17,20.5,3.9,7.7,.509,0.7,2.0,.341,3.2,5.7,.568,.553,1.7,2.7,.644,1.9,3.5,5.4,1.0,0.4,1.0,1.6,3.0,10.2
257,Kawhi Leonard\leonaka01,SF,27,TOR,19,19,34.4,9.1,18.6,.487,1.5,4.6,.330,7.5,13.9,.540,.528,5.9,6.9,.856,1.3,7.3,8.5,3.0,1.6,0.6,2.0,1.6,25.6
258,Meyers Leonard\leoname01,C,26,POR,21,0,12.8,2.0,3.9,.524,1.0,1.9,.513,1.1,2.0,.535,.646,1.0,1.2,.846,1.3,3.1,4.4,1.0,0.2,0.1,0.8,1.2,6.1
259,Jon Leuer\leuerjo01,PF,29,DET,9,0,8.0,1.3,2.4,.545,0.0,0.3,.000,1.3,2.1,.632,.545,0.9,1.1,.800,0.8,1.6,2.3,0.3,0.2,0.0,0.3,1.2,3.6
260,Caris LeVert\leverca01,SF,24,BRK,14,14,29.7,6.9,14.6,.475,1.4,4.4,.311,5.6,10.2,.545,.522,3.1,4.4,.721,1.0,3.3,4.3,3.7,1.2,0.4,2.1,2.4,18.4
261,Damian Lillard\lillada01,PG,28,POR,24,24,35.5,8.9,20.2,.439,2.9,8.2,.355,6.0,12.0,.497,.511,6.6,7.4,.898,0.8,4.3,5.1,6.3,0.8,0.4,2.5,1.8,27.3
262,Jeremy Lin\linje01,PG,30,ATL,22,0,19.1,3.8,7.4,.509,1.2,2.9,.413,2.6,4.5,.570,.589,2.6,3.1,.841,0.2,2.2,2.4,3.2,0.9,0.1,2.1,2.1,11.4
263,Shaun Livingston\livinsh01,PG,33,GSW,16,0,16.5,1.8,4.2,.418,0.0,0.1,.000,1.8,4.1,.424,.418,1.2,1.5,.792,1.0,1.1,2.1,2.4,0.6,0.5,0.6,1.1,4.7
264,Zach Lofton\loftoza01,SG,26,DET,1,0,4.0,0.0,1.0,.000,0.0,1.0,.000,0.0,0.0,,.000,0.0,0.0,,0.0,0.0,0.0,0.0,1.0,0.0,1.0,0.0,0.0
265,Kevon Looney\looneke01,C,22,GSW,25,3,19.4,2.5,4.0,.614,0.0,0.1,.000,2.5,3.9,.633,.614,1.1,1.7,.651,2.4,2.8,5.2,1.8,0.4,0.8,0.8,2.7,6.1
266,Brook Lopez\lopezbr01,C,30,MIL,22,22,27.3,4.1,9.5,.429,2.5,6.8,.367,1.6,2.7,.583,.560,1.0,1.1,.840,0.5,3.5,4.0,1.1,0.4,1.7,1.0,2.5,11.6
267,Robin Lopez\lopezro01,C,30,CHI,18,0,16.6,2.3,4.3,.538,0.1,0.4,.286,2.2,3.9,.563,.551,0.4,0.6,.700,1.0,0.9,1.9,1.2,0.2,0.9,1.3,2.0,5.2
268,Kevin Love\loveke01,PF,30,CLE,4,4,34.0,5.3,16.3,.323,1.8,6.0,.292,3.5,10.3,.341,.377,6.8,8.3,.818,2.5,11.0,13.5,3.5,0.3,0.3,2.5,3.5,19.0
269,Kyle Lowry\lowryky01,PG,32,TOR,24,24,34.1,5.1,11.5,.446,2.3,6.4,.351,2.9,5.1,.566,.543,2.5,3.0,.831,0.6,3.8,4.4,10.3,1.3,0.4,2.7,2.2,15.0
270,Jordan Loyd\loydjo01,PG,25,TOR,3,0,5.7,1.0,1.0,1.000,0.7,0.7,1.000,0.3,0.3,1.000,1.333,1.3,1.3,1.000,0.3,1.3,1.7,0.3,0.0,0.0,0.3,0.7,4.0
271,Timothe Luwawu-Cabarrot\luwawti01,SF,23,OKC,14,1,8.0,0.9,2.8,.333,0.4,1.4,.250,0.6,1.4,.421,.397,0.3,0.4,.667,0.3,0.9,1.1,0.3,0.3,0.1,0.4,0.9,2.5
272,Tyler Lydon\lydonty01,PF,22,DEN,7,0,3.7,0.9,1.1,.750,0.4,0.6,.750,0.4,0.6,.750,.938,0.1,0.3,.500,0.3,0.3,0.6,0.0,0.0,0.0,0.1,0.3,2.3
273,Trey Lyles\lylestr01,PF,23,DEN,23,0,19.9,3.9,8.7,.447,0.9,3.1,.282,3.0,5.6,.539,.497,1.6,2.5,.649,0.7,3.8,4.5,1.5,0.5,0.3,1.6,1.8,10.2
274,Shelvin Mack\macksh01,PG,28,MEM,22,0,25.3,3.5,7.7,.453,1.1,2.8,.403,2.4,4.9,.481,.526,1.2,1.8,.675,0.3,2.0,2.2,3.6,1.1,0.1,1.2,1.5,9.4
275,Daryl Macon\maconda01,SG,23,DAL,1,0,1.0,0.0,0.0,,0.0,0.0,,0.0,0.0,,,0.0,0.0,,0.0,0.0,0.0,0.0,0.0,0.0,0.0,0.0,0.0
276,Ian Mahinmi\mahinia01,C,32,WAS,13,6,13.5,0.9,2.3,.400,0.1,0.5,.167,0.8,1.8,.458,.417,1.8,2.8,.667,1.5,1.8,3.4,0.4,0.5,0.4,0.5,2.4,3.8
277,Thon Maker\makerth01,C,21,MIL,14,0,11.8,1.8,4.3,.417,1.0,2.9,.350,0.8,1.4,.550,.533,0.4,0.7,.500,0.5,2.4,2.9,0.6,0.2,0.6,0.3,1.5,4.9
278,Boban Marjanovic\marjabo01,C,30,LAC,17,4,10.7,2.6,4.2,.620,0.0,0.1,.000,2.6,4.1,.629,.620,2.1,2.8,.745,1.6,2.9,4.6,0.5,0.3,0.8,0.9,1.7,7.2
279,Lauri Markkanen\markkla01,PF,21,CHI,2,1,29.0,6.0,19.0,.316,3.5,9.5,.368,2.5,9.5,.263,.408,0.0,0.0,,2.0,5.0,7.0,0.5,1.5,1.0,1.5,3.0,15.5
280,Jarell Martin\martija01,PF,24,ORL,14,1,10.3,1.1,3.2,.356,0.2,1.2,.176,0.9,2.0,.464,.389,0.4,0.4,1.000,0.4,1.9,2.3,0.6,0.1,0.2,0.4,1.1,2.9
281,Frank Mason\masonfr01,PG,24,SAC,21,0,14.0,1.9,4.9,.388,0.3,1.7,.200,1.6,3.2,.485,.422,1.2,1.7,.722,0.1,1.3,1.4,3.0,0.6,0.1,1.0,1.0,5.4
282,Wesley Matthews\matthwe02,SG,32,DAL,18,18,31.6,5.3,12.1,.438,2.5,6.4,.391,2.8,5.7,.490,.541,2.4,3.1,.800,0.6,2.1,2.6,2.3,0.8,0.2,1.3,2.3,15.5
283,Luc Mbah a Moute\mbahalu01,PF,32,LAC,4,0,15.3,2.0,4.5,.444,0.5,1.5,.333,1.5,3.0,.500,.500,0.5,1.3,.400,0.5,1.3,1.8,0.5,0.3,0.3,0.5,2.0,5.0
284,CJ McCollum\mccolcj01,SG,27,POR,24,24,34.3,8.4,18.0,.464,2.2,6.0,.361,6.2,12.0,.516,.524,2.4,2.9,.829,1.1,2.8,3.8,2.4,0.8,0.3,1.8,2.6,21.3
285,T.J. McConnell\mccontj01,PG,26,PHI,19,0,16.3,2.1,3.9,.541,0.1,0.5,.222,2.0,3.4,.585,.554,0.4,0.4,1.000,0.2,1.5,1.7,2.6,0.7,0.3,1.0,1.3,4.7
286,Doug McDermott\mcderdo01,SF,27,IND,24,0,17.6,2.5,5.0,.504,1.3,3.0,.425,1.3,2.0,.625,.632,1.0,1.1,.852,0.2,1.0,1.3,0.8,0.3,0.1,0.3,1.5,7.3
287,JaVale McGee\mcgeeja01,C,31,LAL,23,23,24.1,5.4,8.7,.625,0.0,0.2,.250,5.4,8.5,.633,.628,1.2,1.8,.683,2.4,4.0,6.4,1.0,0.9,2.7,1.5,2.6,12.1
288,Rodney McGruder\mcgruro01,SG,27,MIA,23,23,31.8,4.4,10.0,.437,1.5,4.0,.370,2.9,6.0,.482,.511,1.1,1.5,.743,1.0,3.8,4.8,3.0,0.9,0.2,1.4,2.7,11.4
289,Alfonzo McKinnie\mckinal01,SF,26,GSW,16,0,15.7,2.4,4.8,.513,0.9,1.9,.484,1.5,2.8,.533,.612,0.4,0.8,.538,1.2,2.6,3.8,0.5,0.2,0.2,0.4,2.0,6.3
290,Ben McLemore\mclembe01,SG,25,SAC,7,0,5.7,0.7,2.7,.263,0.7,2.0,.357,0.0,0.7,.000,.395,0.0,0.3,.000,0.0,0.1,0.1,0.3,0.0,0.0,0.1,0.6,2.1
291,Jordan McRae\mcraejo01,SG,27,WAS,4,0,5.5,0.3,1.8,.143,0.0,0.5,.000,0.3,1.3,.200,.143,0.0,0.0,,0.0,1.0,1.0,0.5,0.0,0.3,0.0,0.0,0.5
292,Salah Mejri\mejrisa01,C,32,DAL,8,0,6.1,0.8,1.3,.600,0.0,0.1,.000,0.8,1.1,.667,.600,0.5,0.5,1.000,0.6,1.9,2.5,0.4,0.0,0.1,0.4,1.0,2.0
293,De'Anthony Melton\meltode01,PG,20,PHO,7,0,11.1,2.0,4.1,.483,0.9,2.1,.400,1.1,2.0,.571,.586,0.0,0.0,,0.1,1.6,1.7,1.6,0.7,0.1,0.7,1.9,4.9
294,Chimezie Metu\metuch01,PF,21,SAS,14,0,6.1,1.0,2.6,.389,0.0,0.1,.000,1.0,2.4,.412,.389,0.6,0.8,.818,0.5,1.0,1.5,0.7,0.3,0.1,0.6,0.4,2.6
295,Khris Middleton\middlkh01,SF,27,MIL,22,22,30.8,6.1,13.8,.444,3.0,7.3,.419,3.1,6.5,.472,.554,3.1,3.5,.896,0.4,5.1,5.5,4.0,1.3,0.1,2.3,2.6,18.5
296,C.J. Miles\milescj01,SF,31,TOR,19,0,14.0,1.7,5.3,.327,1.0,3.6,.279,0.7,1.7,.424,.421,0.7,0.9,.722,0.3,1.3,1.6,0.7,0.4,0.3,0.6,1.4,5.2
297,Darius Miller\milleda01,SF,28,NOP,21,0,20.0,2.0,5.0,.413,1.4,3.9,.366,0.6,1.0,.591,.558,0.4,0.5,.818,0.2,1.0,1.2,1.4,0.5,0.2,0.7,2.0,6.0
298,Patty Mills\millspa02,PG,30,SAS,24,0,25.0,3.5,8.0,.443,1.8,4.4,.400,1.8,3.6,.494,.552,1.0,1.3,.806,0.3,2.4,2.7,2.5,0.6,0.2,0.9,1.5,9.9
299,Paul Millsap\millspa01,PF,33,DEN,23,23,26.9,4.9,10.0,.491,0.9,2.3,.385,4.0,7.7,.522,.535,2.6,3.6,.723,2.2,4.9,7.1,2.0,1.4,1.1,1.7,2.6,13.3
300,Shake Milton\miltosh01,SG,22,PHI,1,0,11.0,2.0,4.0,.500,1.0,2.0,.500,1.0,2.0,.500,.625,0.0,0.0,,0.0,0.0,0.0,2.0,1.0,1.0,0.0,1.0,5.0
301,Nikola Mirotic\mirotni01,PF,27,NOP,22,22,31.5,6.5,14.1,.465,2.7,7.5,.364,3.8,6.6,.579,.561,3.0,3.6,.838,1.8,8.2,10.0,1.1,0.9,0.7,1.3,2.3,18.9
302,Donovan Mitchell\mitchdo01,SG,22,UTA,21,21,32.6,8.0,18.8,.429,2.0,6.7,.298,6.0,12.0,.502,.482,3.2,4.0,.807,0.4,2.5,2.9,3.6,1.7,0.3,2.5,2.4,21.3
303,Naz Mitrou-Long\mitrona01,SG,25,UTA,1,0,4.0,0.0,1.0,.000,0.0,1.0,.000,0.0,0.0,,.000,0.0,0.0,,0.0,0.0,0.0,0.0,0.0,0.0,0.0,1.0,0.0
304,Malik Monk\monkma01,SG,20,CHO,22,0,19.5,3.5,9.7,.366,1.7,5.4,.322,1.8,4.3,.421,.455,1.5,1.7,.892,0.2,1.5,1.7,2.1,0.6,0.2,1.2,1.6,10.3
305,Greg Monroe\monrogr01,C,28,TOR,10,0,7.4,1.7,3.3,.515,0.0,0.2,.000,1.7,3.1,.548,.515,0.3,0.6,.500,1.1,1.9,3.0,0.4,0.3,0.0,0.8,0.9,3.7
306,E'Twaun Moore\mooreet01,SF,29,NOP,24,24,30.7,6.1,11.6,.525,1.5,3.5,.429,4.6,8.1,.567,.590,1.0,1.5,.676,0.9,1.5,2.4,2.1,0.8,0.3,1.3,2.7,14.7
307,Jaylen Morris\morrija01,SG,23,MIL,2,0,6.5,1.5,2.0,.750,0.5,0.5,1.000,1.0,1.5,.667,.875,0.0,0.0,,0.0,1.0,1.0,0.5,0.5,0.0,0.5,0.5,3.5
308,Marcus Morris\morrima03,PF,29,BOS,22,5,26.4,5.0,10.3,.487,2.1,4.8,.443,2.9,5.5,.525,.591,1.9,2.1,.872,0.8,5.6,6.4,1.3,0.6,0.1,1.7,2.9,14.0
309,Markieff Morris\morrima02,PF,29,WAS,23,15,26.3,4.3,9.6,.455,1.5,4.2,.354,2.9,5.4,.532,.532,1.7,2.0,.826,1.3,4.1,5.4,1.7,0.8,0.7,1.4,3.1,11.8
310,Monte Morris\morrimo01,PG,23,DEN,23,1,24.1,3.6,7.8,.464,0.8,2.0,.404,2.8,5.7,.485,.517,0.9,1.1,.808,0.3,2.3,2.6,4.0,0.8,0.0,0.6,1.2,9.0
311,Emmanuel Mudiay\mudiaem01,PG,22,NYK,18,11,23.1,4.4,9.5,.468,1.1,2.9,.358,3.4,6.6,.517,.523,1.8,2.4,.727,0.6,2.3,2.9,2.6,0.9,0.5,1.7,1.6,11.7
312,Jamal Murray\murraja01,PG,21,DEN,23,22,34.1,6.6,15.7,.420,1.6,5.0,.310,5.0,10.7,.472,.470,2.5,2.9,.866,0.8,3.5,4.3,4.7,0.8,0.4,2.5,2.0,17.3
313,Dzanan Musa\musadz01,SG,19,BRK,7,0,3.7,0.9,2.0,.429,0.0,0.9,.000,0.9,1.1,.750,.429,0.0,0.3,.000,0.1,0.3,0.4,0.1,0.3,0.0,0.4,0.1,1.7
314,Mike Muscala\muscami01,PF,27,PHI,19,2,23.7,2.2,5.8,.378,1.5,4.4,.345,0.7,1.4,.481,.509,2.1,2.5,.830,1.2,3.6,4.7,1.5,0.3,0.5,1.0,2.6,8.0
315,Svi Mykhailiuk\mykhasv01,SF,21,LAL,12,0,9.0,0.7,2.3,.286,0.4,1.4,.294,0.3,0.9,.273,.375,0.3,0.7,.500,0.2,0.3,0.5,1.0,0.3,0.0,0.5,0.5,2.1
316,Abdel Nader\naderab01,SF,25,OKC,10,0,3.6,0.6,1.2,.500,0.0,0.3,.000,0.6,0.9,.667,.500,0.0,0.0,,0.1,0.9,1.0,0.1,0.2,0.1,0.5,0.4,1.2
317,Larry Nance\nancela02,C,26,CLE,21,7,23.0,2.8,5.8,.488,0.3,0.9,.389,2.5,4.9,.505,.517,1.2,1.9,.667,1.8,4.8,6.6,2.5,1.1,0.6,1.2,2.6,7.2
318,Shabazz Napier\napiesh01,PG,27,BRK,21,0,16.1,2.6,6.9,.379,1.1,3.0,.371,1.5,4.0,.386,.459,2.0,2.3,.837,0.4,1.4,1.8,1.6,0.8,0.3,1.0,1.3,8.3
319,Raul Neto\netora01,PG,26,UTA,8,0,11.0,1.9,3.8,.500,0.5,1.4,.364,1.4,2.4,.579,.567,0.8,0.8,1.000,0.1,1.1,1.3,2.5,0.4,0.0,1.1,1.0,5.0
320,Georges Niang\niangge01,PF,25,UTA,19,0,7.2,1.2,2.6,.440,0.7,1.8,.382,0.5,0.8,.563,.570,0.3,0.4,.857,0.2,1.2,1.3,0.5,0.2,0.1,0.3,0.9,3.3
321,Nerlens Noel\noelne01,C,24,OKC,21,1,14.0,2.5,3.8,.650,0.0,0.0,,2.5,3.8,.650,.650,1.0,1.2,.769,2.2,3.0,5.2,0.5,1.0,1.3,0.4,2.5,5.9
322,Frank Ntilikina\ntilila01,PG,20,NYK,23,14,23.1,2.2,6.7,.333,0.8,3.0,.257,1.4,3.6,.398,.392,0.7,0.7,.938,0.1,1.8,1.9,2.7,0.8,0.4,1.3,2.7,5.9
323,James Nunnally\nunnaja01,SF,28,MIN,7,0,6.4,0.7,2.0,.357,0.3,1.3,.222,0.4,0.7,.600,.429,0.6,0.6,1.000,0.0,0.4,0.4,0.6,0.1,0.0,0.1,0.4,2.3
324,Jusuf Nurkic\nurkiju01,C,24,POR,24,24,26.3,5.7,11.0,.517,0.1,0.9,.143,5.5,10.1,.550,.523,3.5,4.6,.757,3.8,6.6,10.4,2.3,0.9,1.1,2.1,3.1,15.0
325,David Nwaba\nwabada01,SG,26,CLE,14,3,17.4,2.0,4.7,.424,0.4,1.6,.227,1.6,3.1,.523,.462,1.8,2.6,.676,0.5,2.2,2.7,0.6,0.7,0.4,0.4,1.6,6.1
326,Royce O'Neale\onealro01,SF,25,UTA,25,3,16.9,1.8,3.9,.474,0.5,1.3,.394,1.3,2.6,.516,.541,0.4,0.6,.786,0.3,2.4,2.7,1.0,0.5,0.2,0.9,1.8,4.6
327,Kyle O'Quinn\oquinky01,C,28,IND,13,0,5.8,0.9,2.2,.429,0.0,0.2,.000,0.9,1.9,.480,.429,0.5,0.5,1.000,0.8,1.5,2.2,1.3,0.1,0.5,0.6,1.2,2.3
328,Semi Ojeleye\ojelese01,PF,24,BOS,16,1,10.6,1.0,2.5,.400,0.4,1.3,.300,0.6,1.3,.500,.475,0.2,0.4,.429,0.4,1.2,1.6,0.1,0.2,0.1,0.4,0.6,2.6
329,Jahlil Okafor\okafoja01,C,23,NOP,11,2,5.8,1.3,2.5,.500,0.0,0.0,,1.3,2.5,.500,.500,0.5,0.5,1.000,0.9,0.9,1.8,0.1,0.0,0.0,0.5,1.0,3.1
330,Elie Okobo\okoboel01,PG,21,PHO,15,3,18.9,2.6,6.7,.386,0.8,2.7,.293,1.8,4.0,.450,.446,0.9,0.9,.929,0.2,1.5,1.7,2.4,0.5,0.1,1.3,2.3,6.9
331,Josh Okogie\okogijo01,SG,20,MIN,16,7,21.1,2.8,7.4,.381,0.9,3.1,.306,1.9,4.3,.435,.445,1.2,1.6,.760,0.8,2.8,3.5,1.1,0.9,0.3,1.1,2.1,7.8
332,Victor Oladipo\oladivi01,SG,26,IND,16,16,32.4,8.1,18.3,.440,2.4,6.9,.345,5.7,11.4,.497,.505,2.9,4.1,.712,0.5,6.1,6.6,4.7,1.6,0.5,2.3,2.0,21.4
333,Kelly Olynyk\olynyke01,PF,27,MIA,22,5,19.1,2.7,5.9,.462,1.5,4.0,.371,1.2,1.9,.659,.588,1.9,2.5,.764,0.9,3.0,3.9,1.9,0.6,0.4,1.4,2.3,8.9
334,Cedi Osman\osmande01,SF,23,CLE,21,20,31.7,3.9,10.7,.366,1.5,4.8,.310,2.4,5.9,.411,.435,2.0,2.3,.837,0.6,4.7,5.3,2.5,0.7,0.3,2.0,2.3,11.2
335,Kelly Oubre\oubreke01,SF,23,WAS,24,7,25.1,4.3,10.1,.421,1.5,4.6,.315,2.8,5.5,.511,.494,2.0,2.5,.803,0.7,3.8,4.5,0.7,0.8,0.8,1.0,2.3,12.0
336,Zaza Pachulia\pachuza01,C,34,DET,21,0,12.7,1.0,2.9,.361,0.0,0.0,,1.0,2.9,.361,.361,1.8,2.1,.841,1.7,2.7,4.4,1.2,0.7,0.2,0.8,2.2,3.9
337,Jabari Parker\parkeja01,PF,23,CHI,25,17,32.0,6.6,14.4,.457,1.0,3.6,.289,5.5,10.8,.513,.493,2.3,3.2,.713,1.3,6.1,7.4,2.3,0.7,0.4,2.8,2.4,16.4
338,Tony Parker\parketo01,PG,36,CHO,20,0,19.8,4.2,8.8,.474,0.3,1.2,.261,3.9,7.6,.507,.491,1.5,2.2,.674,0.2,1.5,1.6,4.5,0.4,0.1,1.2,0.9,10.1
339,Chandler Parsons\parsoch01,SF,30,MEM,3,3,15.3,2.3,5.7,.412,1.0,3.3,.300,1.3,2.3,.571,.500,0.0,0.0,,0.3,1.0,1.3,0.7,0.3,0.3,0.7,2.3,5.7
340,Patrick Patterson\pattepa01,PF,29,OKC,22,3,16.3,1.7,4.9,.346,1.0,3.1,.309,0.7,1.8,.410,.444,0.6,1.0,.619,0.8,2.0,2.8,0.5,0.4,0.2,0.4,1.0,4.9
341,Chris Paul\paulch01,PG,33,HOU,18,18,34.2,5.7,13.5,.424,2.2,6.2,.351,3.6,7.3,.485,.504,3.0,3.7,.806,0.6,4.0,4.6,8.1,2.2,0.3,3.2,2.6,16.6
342,Cameron Payne\payneca01,PG,24,CHI,23,12,18.8,2.3,5.9,.400,0.6,2.2,.275,1.7,3.7,.476,.452,0.9,1.0,.870,0.4,1.4,1.9,2.8,0.7,0.2,1.1,1.7,6.2
343,Elfrid Payton\paytoel01,PG,24,NOP,6,6,25.3,4.0,8.5,.471,0.5,1.2,.429,3.5,7.3,.477,.500,1.2,1.8,.636,1.2,4.0,5.2,5.3,0.8,0.2,2.0,2.7,9.7
344,Theo Pinson\pinsoth01,SG,23,BRK,3,0,5.0,0.0,1.0,.000,0.0,0.7,.000,0.0,0.3,.000,.000,0.7,0.7,1.000,0.0,0.3,0.3,1.3,0.0,0.0,0.0,0.0,0.7
345,Mason Plumlee\plumlma01,C,28,DEN,23,0,17.1,2.8,4.8,.591,0.0,0.1,.333,2.8,4.7,.598,.595,1.0,2.3,.442,2.1,3.1,5.2,1.9,1.2,0.9,1.3,3.1,6.7
346,Miles Plumlee\plumlmi01,C,30,ATL,15,0,9.9,2.0,2.9,.698,0.0,0.0,,2.0,2.9,.698,.698,0.9,1.6,.542,1.1,1.3,2.3,0.9,0.4,0.2,0.5,0.8,4.9
347,Jakob Poeltl\poeltja01,C,23,SAS,20,3,12.7,2.3,3.6,.648,0.0,0.0,,2.3,3.6,.648,.648,1.0,1.5,.655,2.2,2.1,4.3,1.0,0.3,0.6,0.7,1.3,5.6
348,Quincy Pondexter\pondequ01,SF,30,SAS,20,0,6.5,0.6,1.3,.480,0.1,0.5,.222,0.5,0.8,.625,.520,1.1,1.3,.840,0.2,1.0,1.2,0.4,0.4,0.0,0.4,0.8,2.4
349,Otto Porter\porteot01,SF,25,WAS,22,22,29.9,4.6,9.4,.490,1.4,3.7,.366,3.2,5.6,.573,.563,1.1,1.5,.781,0.8,4.7,5.5,1.9,1.6,0.6,0.7,1.6,11.7
350,Bobby Portis\portibo01,PF,23,CHI,4,4,28.3,4.3,10.3,.415,0.8,2.8,.273,3.5,7.5,.467,.451,1.3,2.3,.556,1.5,8.5,10.0,2.0,0.5,1.0,1.3,3.5,10.5
351,Dwight Powell\poweldw01,C,27,DAL,19,0,16.2,3.1,5.0,.621,0.4,1.5,.250,2.7,3.5,.776,.658,2.5,3.2,.783,1.2,2.9,4.1,1.1,0.7,0.6,0.8,2.8,9.1
352,Norman Powell\powelno01,SG,25,TOR,11,2,14.9,1.8,3.8,.476,0.8,2.0,.409,1.0,1.8,.550,.583,0.5,0.7,.750,0.2,1.8,2.0,0.9,0.5,0.1,0.7,1.5,5.0
353,Alex Poythress\poythal01,PF,25,ATL,13,1,15.0,2.0,3.8,.531,0.4,1.1,.357,1.6,2.7,.600,.582,0.6,1.3,.471,1.5,2.2,3.8,0.8,0.2,0.4,0.6,2.4,5.0
354,Zhou Qi\qizh01,PF,23,HOU,1,0,1.0,1.0,1.0,1.000,0.0,0.0,,1.0,1.0,1.000,1.000,0.0,0.0,,0.0,0.0,0.0,0.0,0.0,0.0,0.0,0.0,2.0
355,Ivan Rabb\rabbiv01,PF,21,MEM,9,0,6.3,0.9,1.4,.615,0.0,0.1,.000,0.9,1.3,.667,.615,0.3,0.6,.600,0.4,1.7,2.1,0.7,0.1,0.1,0.9,1.3,2.1
356,Julius Randle\randlju01,C,24,NOP,25,5,26.6,6.7,12.2,.549,0.6,1.8,.318,6.1,10.4,.588,.572,4.4,6.0,.722,2.5,6.4,9.0,2.7,0.6,0.6,2.6,3.3,18.3
357,J.J. Redick\redicjj01,SG,34,PHI,25,12,30.5,6.3,14.0,.449,2.8,7.6,.363,3.5,6.4,.550,.547,3.1,3.3,.928,0.3,2.1,2.4,2.9,0.2,0.1,1.5,2.0,18.4
358,Davon Reed\reedda01,SG,23,IND,3,0,2.0,0.0,0.0,,0.0,0.0,,0.0,0.0,,,0.0,0.0,,0.0,0.0,0.0,0.0,0.0,0.0,0.0,0.3,0.0
359,Josh Richardson\richajo01,SG,25,MIA,23,23,35.0,6.8,16.5,.411,2.7,6.9,.399,4.0,9.7,.419,.493,3.3,4.0,.846,1.0,3.0,4.0,3.3,1.3,0.6,2.2,3.3,19.7
360,Malachi Richardson\richama01,SG,23,TOR,12,0,5.7,0.4,1.5,.278,0.3,1.3,.267,0.1,0.3,.333,.389,0.2,0.3,.667,0.1,0.8,0.8,0.0,0.1,0.0,0.6,0.7,1.3
361,Austin Rivers\riverau01,SG,26,WAS,24,0,22.3,2.5,6.4,.399,1.1,3.5,.310,1.5,2.9,.507,.484,0.8,1.4,.576,0.3,1.8,2.2,1.6,0.7,0.4,1.3,2.5,7.0
362,Devin Robinson\robinde01,SF,23,WAS,2,0,9.0,2.0,3.5,.571,0.0,0.0,,2.0,3.5,.571,.571,1.0,1.5,.667,1.0,2.0,3.0,0.5,1.0,0.5,0.0,1.0,5.0
363,Duncan Robinson\robindu01,PF,24,MIA,4,0,7.3,0.5,1.5,.333,0.5,1.5,.333,0.0,0.0,,.500,0.0,0.0,,0.0,1.3,1.3,0.0,0.3,0.0,0.0,0.3,1.5
364,Glenn Robinson\robingl02,SF,25,DET,20,13,16.9,1.9,4.6,.413,0.5,1.7,.303,1.4,3.0,.475,.467,1.1,1.3,.846,0.3,1.3,1.6,0.5,0.3,0.3,0.6,1.1,5.4
365,Jerome Robinson\robinje01,SG,21,LAC,8,0,5.0,1.1,2.3,.500,0.6,1.1,.556,0.5,1.1,.444,.639,0.0,0.0,,0.0,0.4,0.4,0.1,0.0,0.0,0.1,0.8,2.9
366,Mitchell Robinson\robinmi01,C,20,NYK,23,12,17.3,2.0,3.2,.635,0.0,0.0,,2.0,3.2,.635,.635,0.7,1.2,.593,2.1,1.8,4.0,0.5,0.7,2.0,0.6,3.3,4.8
367,Rajon Rondo\rondora01,PG,32,LAL,11,2,25.3,3.6,8.0,.455,0.8,1.9,.429,2.8,6.1,.463,.506,0.4,0.7,.500,0.9,3.6,4.5,6.5,1.2,0.0,2.3,2.3,8.5
368,Derrick Rose\rosede01,PG,30,MIN,22,5,29.3,7.0,14.0,.498,1.7,3.5,.487,5.2,10.4,.502,.560,2.8,3.2,.859,0.7,2.5,3.1,4.4,0.5,0.2,1.8,1.2,18.4
369,Terrence Ross\rosste01,SG,27,ORL,24,0,25.4,5.4,11.9,.456,2.3,5.6,.410,3.1,6.3,.497,.553,1.3,1.6,.842,0.2,2.8,3.0,1.7,0.9,0.5,1.4,2.0,14.5
370,Terry Rozier\roziete01,PG,24,BOS,23,1,22.2,3.1,8.2,.378,1.3,3.6,.354,1.8,4.6,.396,.455,0.8,1.1,.692,0.3,3.5,3.9,2.2,0.6,0.3,0.7,1.6,8.2
371,Ricky Rubio\rubiori01,PG,28,UTA,25,25,29.8,4.3,10.9,.393,1.4,4.3,.333,2.8,6.6,.433,.460,2.7,3.2,.827,0.3,3.2,3.5,6.4,1.5,0.2,3.0,3.0,12.7
372,D'Angelo Russell\russeda01,PG,22,BRK,25,25,29.1,7.0,17.1,.407,2.5,7.0,.356,4.5,10.1,.443,.480,1.6,2.2,.732,0.6,3.4,4.0,5.8,1.3,0.3,2.6,1.7,18.0
373,Domantas Sabonis\sabondo01,C,22,IND,23,1,24.9,5.6,8.8,.639,0.2,0.3,.833,5.4,8.5,.633,.651,2.9,3.8,.750,2.3,7.8,10.1,3.3,0.6,0.7,2.6,3.1,14.3
374,Dario Saric\saricda01,PF,24,TOT,23,13,26.8,3.7,9.5,.393,1.5,4.8,.309,2.3,4.7,.477,.470,1.8,2.0,.894,1.7,4.3,6.0,1.6,0.4,0.2,1.6,2.7,10.8
374,Dario Saric\saricda01,PF,24,PHI,13,13,30.5,3.7,10.2,.364,1.6,5.4,.300,2.1,4.8,.435,.443,2.1,2.3,.900,1.6,5.0,6.6,2.0,0.3,0.2,1.9,3.0,11.1
374,Dario Saric\saricda01,PF,24,MIN,10,0,22.1,3.8,8.7,.437,1.3,4.0,.325,2.5,4.7,.532,.511,1.5,1.7,.882,1.7,3.5,5.2,1.0,0.6,0.2,1.1,2.2,10.4
375,Tomas Satoransky\satorto01,SG,27,WAS,24,2,15.7,1.7,3.7,.461,0.3,1.0,.333,1.4,2.7,.508,.506,1.2,1.3,.906,0.5,1.3,1.8,2.7,0.6,0.2,0.7,1.6,5.0
376,Dennis Schroder\schrode01,PG,25,OKC,22,9,29.5,6.2,14.9,.419,1.4,4.1,.344,4.8,10.8,.447,.466,2.7,3.2,.857,0.6,3.9,4.5,5.1,1.2,0.2,3.0,2.6,16.6
377,Mike Scott\scottmi01,PF,30,LAC,23,0,15.3,1.9,4.3,.439,1.1,2.6,.433,0.7,1.7,.447,.571,0.1,0.1,1.000,0.3,3.1,3.4,1.0,0.4,0.2,0.6,1.7,5.0
378,Thabo Sefolosha\sefolth01,SF,34,UTA,11,0,9.4,0.5,1.5,.375,0.2,0.9,.200,0.4,0.5,.667,.438,0.5,0.5,.833,0.2,2.3,2.5,0.5,0.5,0.1,0.5,0.7,1.7
379,Wayne Selden\seldewa01,SG,24,MEM,20,0,16.2,2.2,5.4,.411,0.8,2.2,.341,1.5,3.2,.460,.481,0.7,0.8,.867,0.4,0.9,1.3,1.3,0.4,0.2,0.9,1.6,5.8
380,Collin Sexton\sextoco01,PG,20,CLE,23,13,28.9,5.8,13.1,.442,0.7,1.6,.417,5.1,11.5,.445,.467,2.3,2.6,.898,0.7,2.6,3.2,2.5,0.4,0.1,2.2,2.4,14.5
381,Landry Shamet\shamela01,SG,21,PHI,25,2,21.3,2.7,6.2,.436,1.8,4.6,.391,0.9,1.6,.561,.580,0.8,0.9,.870,0.2,1.2,1.4,1.1,0.5,0.1,0.6,1.8,8.0
382,Iman Shumpert\shumpim01,SG,28,SAC,20,18,25.4,3.3,7.5,.436,1.9,4.7,.394,1.4,2.8,.509,.560,1.1,1.2,.875,0.4,2.8,3.2,1.7,1.2,0.3,0.6,2.7,9.4
383,Pascal Siakam\siakapa01,PF,24,TOR,25,24,29.9,5.9,9.2,.636,0.6,1.8,.333,5.3,7.4,.710,.669,2.4,3.1,.782,1.2,5.2,6.4,2.6,1.1,0.6,1.5,3.1,14.8
384,Ben Simmons\simmobe01,PG,22,PHI,24,24,33.0,6.2,11.0,.563,0.0,0.0,,6.2,11.0,.563,.563,3.2,5.3,.598,1.9,6.9,8.8,7.9,1.4,0.8,3.4,2.8,15.5
385,Jonathon Simmons\simmojo02,SG,29,ORL,22,4,21.5,2.5,7.5,.327,0.5,2.2,.229,2.0,5.3,.368,.361,1.8,2.2,.833,0.5,2.0,2.5,2.4,0.5,0.5,1.2,1.8,7.2
386,Anfernee Simons\simonan01,SG,19,POR,5,0,6.8,1.0,3.0,.333,0.0,1.0,.000,1.0,2.0,.500,.333,0.2,0.8,.250,0.0,1.0,1.0,0.2,0.0,0.0,0.6,0.2,2.2
387,Marcus Smart\smartma01,SG,24,BOS,23,3,24.4,2.1,5.3,.398,1.1,3.3,.333,1.0,2.1,.500,.500,1.3,1.7,.769,0.7,2.0,2.7,4.0,1.5,0.5,1.4,2.7,6.7
388,Dennis Smith\smithde03,PG,21,DAL,20,20,28.5,5.1,11.6,.440,1.4,3.9,.359,3.7,7.7,.481,.500,1.9,2.9,.667,0.6,2.2,2.8,4.2,1.2,0.5,3.2,2.6,13.5
389,Ish Smith\smithis01,PG,30,DET,21,0,24.9,4.0,9.6,.421,1.2,3.5,.338,2.9,6.1,.469,.483,0.4,0.6,.667,0.0,1.9,2.0,3.1,0.5,0.3,1.1,2.4,9.7
390,J.R. Smith\smithjr01,SG,33,CLE,11,4,20.2,2.5,7.2,.342,1.1,3.5,.308,1.4,3.6,.375,.418,0.7,0.9,.800,0.0,1.6,1.6,1.9,1.0,0.3,1.0,1.7,6.7
391,Jason Smith\smithja02,C,32,WAS,11,1,11.2,1.4,3.2,.429,0.4,0.8,.444,1.0,2.4,.423,.486,0.8,0.9,.900,1.0,2.2,3.2,0.9,0.1,0.5,0.6,1.7,3.9
392,Tony Snell\snellto01,SG,27,MIL,22,0,16.0,2.2,4.9,.449,1.1,3.0,.379,1.0,1.9,.561,.565,0.5,0.6,.857,0.2,1.4,1.6,0.7,0.3,0.2,0.3,1.1,6.0
393,Ray Spalding\spaldra01,PF,21,DAL,1,0,1.0,0.0,0.0,,0.0,0.0,,0.0,0.0,,,0.0,0.0,,0.0,0.0,0.0,0.0,0.0,0.0,0.0,0.0,0.0
394,Omari Spellman\spellom01,PF,21,ATL,22,8,18.2,2.2,5.8,.386,0.9,2.7,.317,1.4,3.0,.448,.461,1.0,1.3,.750,1.9,2.5,4.5,1.0,0.8,0.6,0.7,1.5,6.3
395,Nik Stauskas\stausni01,SG,25,POR,24,0,16.8,2.5,5.8,.428,1.3,3.3,.385,1.2,2.5,.483,.536,0.8,0.9,.952,0.3,1.5,1.8,1.6,0.3,0.1,1.0,0.9,7.0
396,Lance Stephenson\stephla01,SG,28,LAL,23,0,15.0,2.9,6.7,.426,1.0,2.6,.367,1.9,4.1,.463,.497,0.7,0.8,.833,0.6,2.8,3.4,1.9,0.7,0.1,1.2,1.5,7.3
397,Edmond Sumner\sumneed01,PG,23,IND,6,0,4.0,0.3,0.8,.400,0.2,0.3,.500,0.2,0.5,.333,.500,0.0,0.3,.000,0.2,0.0,0.2,0.2,0.2,0.0,0.3,0.7,0.8
398,Caleb Swanigan\swanica01,PF,21,POR,10,0,9.9,1.0,3.3,.303,0.1,0.4,.250,0.9,2.9,.310,.318,0.4,0.5,.800,1.1,2.9,4.0,0.5,0.4,0.0,1.0,1.5,2.5
399,Jayson Tatum\tatumja01,SF,20,BOS,23,23,31.6,5.9,13.2,.446,1.8,4.5,.398,4.1,8.7,.470,.513,2.8,3.3,.844,1.3,5.3,6.6,1.9,1.0,0.5,1.5,2.4,16.3
400,Jeff Teague\teaguje01,PG,30,MIN,18,18,31.4,4.1,10.2,.402,0.9,3.0,.315,3.2,7.2,.438,.448,3.4,4.0,.861,0.3,2.2,2.5,7.4,1.2,0.4,2.3,2.1,12.6
401,Garrett Temple\templga01,SG,32,MEM,22,22,32.9,3.8,8.4,.454,1.7,4.2,.398,2.1,4.2,.511,.554,1.8,2.1,.830,0.4,3.0,3.4,1.4,1.1,0.3,1.2,3.1,11.1
402,Milos Teodosic\teodomi01,PG,31,LAC,11,0,8.7,0.9,1.7,.526,0.5,1.3,.429,0.4,0.5,.800,.684,0.3,0.4,.750,0.2,1.1,1.3,2.0,0.3,0.1,0.9,1.7,2.6
403,Jared Terrell\terreja01,SG,23,MIN,1,0,21.0,1.0,8.0,.125,1.0,2.0,.500,0.0,6.0,.000,.188,1.0,2.0,.500,0.0,1.0,1.0,1.0,2.0,1.0,2.0,2.0,4.0
404,Daniel Theis\theisda01,C,26,BOS,13,0,11.5,2.2,3.7,.583,0.3,0.8,.400,1.8,2.9,.632,.625,0.2,0.5,.429,1.0,1.6,2.6,0.8,0.1,0.4,0.8,2.8,4.8
405,Khyri Thomas\thomakh01,SG,22,DET,3,0,4.3,0.7,1.7,.400,0.3,1.0,.333,0.3,0.7,.500,.500,0.0,0.0,,0.0,0.3,0.3,0.3,0.0,0.0,0.3,0.3,1.7
406,Lance Thomas\thomala01,PF,30,NYK,11,5,15.2,1.3,3.7,.341,0.5,1.5,.294,0.8,2.2,.375,.402,0.9,1.0,.909,0.4,1.8,2.2,0.5,0.6,0.3,0.5,2.0,3.9
407,Klay Thompson\thompkl01,SG,28,GSW,25,25,34.6,9.2,19.9,.461,2.8,7.9,.350,6.4,12.0,.533,.530,1.9,2.4,.797,0.4,3.7,4.1,1.8,1.0,0.6,2.0,2.0,23.0
408,Tristan Thompson\thomptr01,C,27,CLE,23,23,30.4,5.0,9.6,.527,0.0,0.0,,5.0,9.6,.527,.527,1.7,2.6,.644,5.1,6.4,11.5,2.0,0.9,0.4,1.6,2.3,11.7
409,Sindarius Thornwell\thornsi01,SG,24,LAC,10,0,7.0,0.3,0.7,.429,0.0,0.2,.000,0.3,0.5,.600,.429,0.4,0.4,1.000,0.0,1.3,1.3,0.5,0.1,0.2,0.5,1.6,1.0
410,Anthony Tolliver\tollian01,PF,33,MIN,16,0,17.1,1.6,3.8,.433,1.4,3.4,.407,0.3,0.4,.667,.617,0.4,0.8,.583,0.4,2.1,2.5,0.8,0.4,0.5,0.6,1.8,5.1
411,Karl-Anthony Towns\townska01,C,23,MIN,24,24,33.6,7.5,15.5,.482,1.8,4.5,.394,5.7,10.9,.519,.540,4.0,4.5,.889,3.3,8.7,12.0,2.3,0.9,1.5,3.5,3.7,20.7
412,Gary Trent\trentga02,SG,20,POR,2,0,6.5,2.0,4.5,.444,1.0,1.5,.667,1.0,3.0,.333,.556,0.0,0.0,,0.0,1.5,1.5,0.0,0.0,0.0,0.5,0.0,5.0
413,Allonzo Trier\trieral01,SG,23,NYK,25,3,23.3,3.8,8.1,.473,0.7,1.8,.409,3.1,6.4,.491,.517,2.9,3.6,.811,0.6,2.6,3.2,1.9,0.4,0.4,1.8,1.6,11.3
414,P.J. Tucker\tuckepj01,PF,33,HOU,23,23,35.4,2.8,6.5,.430,2.0,4.8,.409,0.8,1.7,.487,.581,0.5,0.7,.733,1.3,5.0,6.3,1.1,1.3,0.4,1.0,3.0,8.0
415,Evan Turner\turneev01,PG,30,POR,23,0,26.3,3.6,7.7,.466,0.2,1.1,.154,3.4,6.6,.520,.478,1.0,1.7,.600,0.6,4.6,5.1,4.3,0.8,0.3,2.0,2.3,8.4
416,Myles Turner\turnemy01,C,22,IND,23,23,27.5,4.7,9.8,.484,0.3,1.5,.206,4.4,8.3,.534,.500,1.8,2.5,.724,1.3,4.9,6.2,1.7,0.4,2.7,1.7,2.7,11.6
417,Ekpe Udoh\udohek01,C,31,UTA,16,0,4.9,0.4,0.5,.875,0.0,0.0,,0.4,0.5,.875,.875,0.3,0.4,.667,0.1,0.8,0.9,0.3,0.1,0.4,0.3,0.7,1.1
418,Tyler Ulis\ulisty01,PG,23,CHI,1,0,1.0,0.0,0.0,,0.0,0.0,,0.0,0.0,,,0.0,0.0,,0.0,0.0,0.0,0.0,0.0,0.0,0.0,0.0,0.0
419,Jonas Valanciunas\valanjo01,C,26,TOR,25,9,19.2,4.7,8.3,.570,0.3,1.0,.320,4.4,7.3,.604,.589,2.5,3.0,.827,1.8,5.5,7.3,1.1,0.4,0.9,1.5,2.9,12.2
420,Fred VanVleet\vanvlfr01,PG,24,TOR,21,3,24.0,3.4,8.4,.409,1.2,4.0,.313,2.2,4.4,.495,.483,1.1,1.5,.750,0.4,1.9,2.3,4.3,0.9,0.1,1.4,1.7,9.2
421,Noah Vonleh\vonleno01,PF,23,NYK,25,18,25.3,3.0,5.9,.500,0.8,1.8,.455,2.2,4.2,.519,.568,1.7,2.3,.741,1.9,6.2,8.1,1.6,0.6,1.0,1.3,2.8,8.4
422,Nikola Vucevic\vucevni01,C,28,ORL,24,24,30.9,8.6,15.6,.551,1.2,3.0,.408,7.4,12.6,.584,.590,2.5,3.0,.833,2.6,8.7,11.3,3.8,1.0,1.0,2.1,2.1,20.9
423,Dwyane Wade\wadedw01,SG,37,MIA,16,0,25.6,5.6,12.7,.443,1.6,4.1,.379,4.1,8.6,.474,.505,2.3,3.3,.679,1.1,2.4,3.6,3.6,0.5,0.6,2.4,1.9,15.1
424,Moritz Wagner\wagnemo01,C,21,LAL,4,0,4.3,0.8,2.8,.273,0.5,1.5,.333,0.3,1.3,.200,.364,0.5,0.5,1.000,0.0,1.0,1.0,0.8,0.3,0.0,0.5,1.0,2.5
425,Kemba Walker\walkeke02,PG,28,CHO,23,23,35.0,9.0,20.3,.442,3.3,9.3,.362,5.6,11.0,.510,.525,5.3,6.4,.818,0.4,4.0,4.3,6.2,1.3,0.4,2.6,1.7,26.5
426,John Wall\walljo01,PG,28,WAS,24,24,34.6,7.8,17.6,.443,1.6,5.0,.322,6.2,12.5,.492,.489,4.0,6.0,.678,0.5,2.9,3.5,8.4,1.7,1.0,3.5,2.4,21.3
427,Tyrone Wallace\wallaty01,PG,24,LAC,14,0,6.7,1.4,2.9,.475,0.0,0.3,.000,1.4,2.6,.528,.475,0.4,1.0,.429,0.1,0.8,0.9,0.3,0.1,0.0,0.2,0.8,3.1
428,Taurean Waller-Prince\princta02,SF,24,ATL,21,20,28.7,5.2,12.1,.431,2.4,6.6,.367,2.8,5.5,.509,.531,2.1,2.6,.833,0.3,3.7,4.0,2.3,1.1,0.3,2.6,3.0,15.0
429,Brad Wanamaker\wanambr01,PG,29,BOS,6,0,6.7,1.0,2.3,.429,0.3,0.7,.500,0.7,1.7,.400,.500,0.8,1.0,.833,0.0,0.7,0.7,1.3,0.2,0.0,0.7,0.2,3.2
430,T.J. Warren\warretj01,SF,25,PHO,20,13,29.9,6.9,13.4,.511,1.8,4.0,.450,5.1,9.4,.537,.578,2.2,2.6,.846,0.7,3.4,4.1,1.3,1.0,0.8,1.1,2.6,17.7
431,Yuta Watanabe\watanyu01,SG,24,MEM,2,0,6.0,0.0,0.5,.000,0.0,0.5,.000,0.0,0.0,,.000,1.0,1.0,1.000,0.0,2.0,2.0,0.0,0.0,0.5,0.5,0.0,1.0
432,Thomas Welsh\welshth01,C,22,DEN,4,0,3.0,0.5,0.8,.667,0.3,0.5,.500,0.3,0.3,1.000,.833,0.0,0.0,,0.0,0.8,0.8,0.5,0.0,0.0,0.3,0.3,1.3
433,Russell Westbrook\westbru01,PG,30,OKC,14,14,32.9,8.9,19.1,.468,1.1,4.8,.224,7.9,14.3,.550,.496,3.9,6.1,.635,1.1,8.7,9.8,9.5,2.0,0.1,4.1,3.4,22.8
434,Derrick White\whitede01,PG,24,SAS,15,6,20.4,2.5,6.1,.407,0.5,1.5,.304,2.0,4.5,.441,.445,0.8,1.1,.750,0.3,2.5,2.8,3.3,0.6,0.0,1.4,1.7,6.2
435,Okaro White\whiteok01,PF,26,WAS,1,0,3.0,0.0,1.0,.000,0.0,1.0,.000,0.0,0.0,,.000,0.0,0.0,,1.0,1.0,2.0,0.0,0.0,0.0,0.0,0.0,0.0
436,Hassan Whiteside\whiteha01,C,29,MIA,22,22,26.9,5.6,10.7,.523,0.1,0.5,.167,5.5,10.1,.543,.528,2.3,4.8,.472,4.1,9.5,13.7,0.8,0.6,2.9,1.7,3.1,13.5
437,Andrew Wiggins\wiggian01,SF,23,MIN,20,20,32.8,5.7,15.0,.377,1.9,5.1,.363,3.8,9.9,.384,.438,2.0,2.7,.736,0.7,3.0,3.6,2.2,1.4,0.7,1.6,2.1,15.1
438,C.J. Williams\willicj01,SG,28,MIN,6,0,8.8,0.8,2.3,.357,0.0,1.0,.000,0.8,1.3,.625,.357,0.0,0.0,,0.0,0.3,0.3,0.5,0.2,0.0,0.5,1.7,1.7
439,Johnathan Williams\willijo04,C,23,LAL,6,0,14.2,1.8,3.2,.579,0.0,0.0,,1.8,3.2,.579,.579,0.2,0.8,.200,1.8,1.7,3.5,0.7,0.2,0.5,0.3,3.2,3.8
440,Kenrich Williams\willike04,SF,24,NOP,6,0,4.8,0.3,1.0,.333,0.2,0.3,.500,0.2,0.7,.250,.417,0.0,0.0,,0.0,0.8,0.8,0.0,0.0,0.0,0.2,1.2,0.8
441,Lou Williams\willilo02,SG,32,LAC,23,0,25.7,5.8,14.5,.398,1.3,3.7,.337,4.5,10.8,.419,.442,5.0,5.3,.943,0.6,2.0,2.6,4.4,0.6,0.1,2.3,0.9,17.8
442,Marvin Williams\willima02,PF,32,CHO,23,23,24.8,3.1,7.4,.424,1.5,4.5,.340,1.6,2.9,.552,.526,0.6,1.0,.591,0.8,4.3,5.1,0.9,0.8,0.7,0.6,1.8,8.3
443,Robert Williams\williro04,C,21,BOS,9,0,3.7,0.7,0.9,.750,0.0,0.0,,0.7,0.9,.750,.750,0.1,0.2,.500,0.4,0.8,1.2,0.1,0.0,0.7,0.0,0.8,1.4
444,Troy Williams\willitr02,SF,24,SAC,13,0,16.2,2.8,5.2,.529,1.1,2.5,.438,1.7,2.8,.611,.632,0.6,1.0,.615,0.3,2.5,2.8,0.4,0.5,0.3,0.3,2.0,7.2
445,Justise Winslow\winslju01,PF,22,MIA,19,9,27.7,3.4,9.4,.365,0.9,2.8,.340,2.5,6.6,.376,.416,1.6,2.3,.698,1.1,3.9,5.1,3.2,0.9,0.4,2.1,2.5,9.4
446,Christian Wood\woodch01,PF,23,MIL,5,0,5.8,1.4,2.8,.500,0.4,0.8,.500,1.0,2.0,.500,.571,0.6,0.8,.750,0.6,1.8,2.4,0.4,0.0,0.0,0.4,0.4,3.8
447,Delon Wright\wrighde01,PG,26,TOR,20,0,16.2,2.3,5.1,.455,0.8,1.8,.457,1.5,3.3,.455,.535,0.8,0.8,1.000,0.7,1.4,2.0,1.5,0.7,0.3,0.8,1.0,6.2
448,Guerschon Yabusele\yabusgu01,PF,23,BOS,12,0,4.8,0.6,1.9,.304,0.2,0.8,.222,0.4,1.2,.357,.348,0.6,0.7,.875,0.4,0.8,1.2,0.3,0.2,0.1,0.1,0.8,1.9
449,Thaddeus Young\youngth01,PF,30,IND,24,24,28.0,4.5,9.2,.491,0.2,1.0,.160,4.3,8.1,.533,.500,0.8,1.5,.500,1.9,3.2,5.0,1.3,1.5,0.3,1.1,2.1,9.9
450,Trae Young\youngtr01,PG,20,ATL,24,24,29.1,5.6,14.8,.379,1.4,5.8,.239,4.3,9.1,.468,.426,3.1,3.9,.806,0.5,2.4,2.9,7.4,0.7,0.3,4.0,1.3,15.8
451,Cody Zeller\zelleco01,C,26,CHO,22,22,23.5,3.7,6.4,.582,0.1,0.3,.286,3.6,6.1,.597,.589,1.8,2.1,.848,1.9,3.5,5.4,2.0,0.6,0.7,1.2,3.1,9.3
452,Ante Zizic\zizican01,C,22,CLE,17,0,9.2,1.3,2.6,.500,0.0,0.0,,1.3,2.6,.500,.500,0.9,1.4,.625,1.1,1.8,2.9,0.4,0.1,0.1,1.0,1.2,3.5
453,Ivica Zubac\zubaciv01,C,21,LAL,7,0,7.3,0.7,2.0,.357,0.0,0.0,,0.7,2.0,.357,.357,0.6,0.6,1.000,1.4,1.7,3.1,0.3,0.1,0.3,0.6,1.7,2.0

